i.101.1.0; H+ H2  -> H2+ H ; IN ; logn(0.5010E-12,1.9977E+00) ; dirg(0.1000E+01,0.3000E+00);
i.102.1.0; H+ CH4  -> CH3+ H2 ; IN ; logn(0.4150E-08,1.1000E+00) ; dirg(0.8200E+00,0.2460E+00);
i.102.2.0; H+ CH4  -> CH4+ H ; IN ; logn(0.4150E-08,1.1000E+00) ; dirg(0.1800E+00,0.5400E-01);
i.103.1.0; H+ C2H6  -> C2H3+ H2 H2 ; IN ; logn(0.3900E-08,1.2000E+00) ; dirg(0.3333E+00,0.1000E+01);
i.103.2.0; H+ C2H6  -> C2H4+ H2 H ; IN ; logn(0.3900E-08,1.2000E+00) ; dirg(0.3333E+00,0.1000E+01);
i.103.3.0; H+ C2H6  -> C2H5+ H2 ; IN ; logn(0.3900E-08,1.2000E+00) ; dirg(0.3334E+00,0.1000E+01);
i.104.1.0; H+ H2O  -> H2O+ H ; IN ; logn(0.8200E-08,1.1000E+00) ; dirg(0.1000E+01,0.3000E+00);
i.105.1.0; H+ HCN  -> HCN+ H ; IN ; logn(0.1100E-07,1.2000E+00) ; dirg(0.1000E+01,0.3000E+00);
i.106.1.0; H+ NH3  -> NH3+ H ; IN ; logn(0.3700E-08,1.2000E+00) ; dirg(0.1000E+01,0.3000E+00);
i.201.1.0; H2+ H  -> H+ H2 ; IN ; logn(0.6400E-09,1.2000E+00) ; dirg(0.1000E+01,0.3000E+00);
i.202.1.0; H2+ H2  -> H3+ H ; IN ; logn(0.2000E-08,1.1000E+00) ; dirg(0.1000E+01,0.3000E+00);
i.203.1.0; H2+ CH4  -> CH3+ H2 H ; IN ; logn(0.3800E-08,1.1000E+00) ; dirg(0.6000E+00,0.1800E+00);
i.203.2.0; H2+ CH4  -> CH4+ H2 ; IN ; logn(0.3800E-08,1.1000E+00) ; dirg(0.3700E+00,0.1110E+00);
i.203.3.0; H2+ CH4  -> CH5+ H ; IN ; logn(0.3800E-08,1.1000E+00) ; dirg(0.3000E-01,0.3000E-01);
i.204.1.0; H2+ C2H2  -> C2H2+ H2 ; IN ; logn(0.5300E-08,1.1000E+00) ; dirg(0.9100E+00,0.2730E+00);
i.204.2.0; H2+ C2H2  -> C2H3+ H ; IN ; logn(0.5300E-08,1.1000E+00) ; dirg(0.9000E-01,0.9000E-01);
i.205.1.0; H2+ C2H4  -> C2H2+ H2 H2 ; IN ; logn(0.4900E-08,1.1000E+00) ; dirg(0.1800E+00,0.5400E-01);
i.205.2.0; H2+ C2H4  -> C2H3+ H2 H ; IN ; logn(0.4900E-08,1.1000E+00) ; dirg(0.3700E+00,0.1110E+00);
i.205.3.0; H2+ C2H4  -> C2H4+ H2 ; IN ; logn(0.4900E-08,1.1000E+00) ; dirg(0.4500E+00,0.1350E+00);
i.206.1.0; H2+ C2H6  -> C2H2+ H2 H2 H2 ; IN ; logn(0.4900E-08,1.1000E+00) ; dirg(0.4000E-01,0.4000E-01);
i.206.2.0; H2+ C2H6  -> C2H3+ H2 H2 H ; IN ; logn(0.4900E-08,1.1000E+00) ; dirg(0.1400E+00,0.4200E-01);
i.206.3.0; H2+ C2H6  -> C2H4+ H2 H2 ; IN ; logn(0.4900E-08,1.1000E+00) ; dirg(0.4800E+00,0.1440E+00);
i.206.4.0; H2+ C2H6  -> C2H5+ H2 H ; IN ; logn(0.4900E-08,1.1000E+00) ; dirg(0.2800E+00,0.8400E-01);
i.206.5.0; H2+ C2H6  -> C2H6+ H2 ; IN ; logn(0.4900E-08,1.1000E+00) ; dirg(0.6000E-01,0.6000E-01);
i.207.1.0; H2+ N2  -> N2H+ H ; IN ; logn(0.2000E-08,1.1000E+00) ; dirg(0.1000E+01,0.3000E+00);
i.208.1.0; H2+ H2O  -> H2O+ H2 ; IN ; logn(0.7300E-08,1.1000E+00) ; dirg(0.5300E+00,0.1590E+00);
i.208.2.0; H2+ H2O  -> H3O+ H ; IN ; logn(0.7300E-08,1.1000E+00) ; dirg(0.4700E+00,0.1410E+00);
i.209.1.0; H2+ CO  -> HCO+ H ; IN ; logn(0.2900E-08,1.1000E+00) ; dirg(0.1000E+01,0.2310E+00);
i.210.1.0; H2+ NH3  -> NH3+ H2 ; IN ; logn(0.5700E-08,1.1000E+00) ; dirg(0.1000E+01,0.3000E+00);
i.211.1.0; H2+ CO  -> CO+ H2 ; IN ; logn(0.2900E-08,1.1000E+00) ; dirg(0.1000E+01,0.6900E-01);
i.301.1.0; H3+ CH4  -> CH5+ H2 ; IN ; logn(0.2400E-08,1.2000E+00) ; dirg(0.1000E+01,0.3000E+00);
i.302.1.0; H3+ C2H2  -> C2H3+ H2 ; IN ; logn(0.3200E-08,1.2500E+00) ; dirg(0.1000E+01,0.3000E+00);
i.303.1.0; H3+ C2H4  -> C2H3+ H2 H2 ; IN ; logn(0.2900E-08,1.2000E+00) ; dirg(0.7000E+00,0.2100E+00);
i.303.2.0; H3+ C2H4  -> C2H5+ H2 ; IN ; logn(0.2900E-08,1.2000E+00) ; dirg(0.3000E+00,0.9000E-01);
i.304.1.0; H3+ C2H6  -> C2H5+ H2 H2 ; IN ; logn(0.2900E-08,1.2500E+00) ; dirg(0.1000E+01,0.3000E+00);
i.305.1.0; H3+ C4H2  -> C4H3+ H2 ; IN ; logn(0.2600E-08,1.4000E+00) ; dirg(0.1000E+01,0.3000E+00);
i.306.1.0; H3+ N4S  -> NH2+ H ; IN ; logn(0.1000E-08,1.6000E+00) ; dirg(0.1000E+01,0.3000E+00);
i.307.1.0; H3+ N2  -> N2H+ H2 ; IN ; logn(0.1860E-08,1.1000E+00) ; dirg(0.1000E+01,0.3000E+00);
i.308.1.0; H3+ H2O  -> H3O+ H2 ; IN ; logn(0.5300E-08,1.2500E+00) ; dirg(0.1000E+01,0.3000E+00);
i.309.1.0; H3+ CO  -> HCO+ H2 ; IN ; logn(0.1850E-08,1.2500E+00) ; dirg(0.9400E+00,0.2820E+00);
i.309.2.0; H3+ CO  -> HOC+ H2 ; IN ; logn(0.1850E-08,1.2500E+00) ; dirg(0.6000E-01,0.6000E-01);
i.310.1.0; H3+ HCN  -> HCN+ H2 ; IN ; logn(0.7500E-08,1.1000E+00) ; dirg(0.1000E+01,0.3000E+00);
i.311.1.0; H3+ CH3CN  -> CH3CNH+ H2 ; IN ; logn(0.8900E-08,1.2500E+00) ; dirg(0.1000E+01,0.3000E+00);
i.312.1.0; H3+ HC3N  -> CHCCNH+ H2 ; IN ; logn(0.9800E-08,1.3000E+00) ; dirg(0.1000E+01,0.3000E+00);
i.313.1.0; H3+ C2N2  -> C2HN2+ H2 ; IN ; logn(0.2800E-08,1.2500E+00) ; dirg(0.1000E+01,0.3000E+00);
i.314.1.0; H3+ NH3  -> NH4+ H2 ; IN ; logn(0.4400E-08,1.1000E+00) ; dirg(0.1000E+01,0.3000E+00);
i.401.1.0; C+ CH4  -> C2H2+ H2 ; IN ; logn(0.1300E-08,1.1000E+00) ; dirg(0.2800E+00,0.8400E-01);
i.401.2.0; C+ CH4  -> C2H3+ H ; IN ; logn(0.1300E-08,1.1000E+00) ; dirg(0.7200E+00,0.2160E+00);
i.402.1.0; C+ C2H2  -> C3H+ H ; IN ; logn(0.2630E-08,1.1000E+00) ; dirg(0.1000E+01,0.3000E+00);
i.403.1.0; C+ C2H4  -> C2H3+ CH ; IN ; logn(0.1500E-08,1.3000E+00) ; dirg(0.8000E-01,0.8000E-01);
i.403.2.0; C+ C2H4  -> C2H4+ C ; IN ; logn(0.1500E-08,1.3000E+00) ; dirg(0.1500E+00,0.4500E-01);
i.403.3.0; C+ C2H4  -> C3H+ H2 H ; IN ; logn(0.1500E-08,1.3000E+00) ; dirg(0.6000E-01,0.6000E-01);
i.403.4.0; C+ C2H4  -> C3H2+ H2 ; IN ; logn(0.1500E-08,1.3000E+00) ; dirg(0.2900E+00,0.8700E-01);
i.403.5.0; C+ C2H4  -> c-C3H3+ H ; IN ; logn(0.1500E-08,1.3000E+00) ; dirg(0.4200E+00,0.1260E+00);
i.404.1.0; C+ C2H6  -> C2H2+ CH4 ; IN ; logn(0.1650E-08,1.3000E+00) ; dirg(0.5000E-01,0.5000E-01);
i.404.2.0; C+ C2H6  -> C2H3+ CH3 ; IN ; logn(0.1650E-08,1.3000E+00) ; dirg(0.3000E+00,0.9000E-01);
i.404.3.0; C+ C2H6  -> C2H4+ 3CH2 ; IN ; logn(0.1650E-08,1.3000E+00) ; dirg(0.7000E-01,0.7000E-01);
i.404.4.0; C+ C2H6  -> C2H5+ CH ; IN ; logn(0.1650E-08,1.3000E+00) ; dirg(0.1400E+00,0.4200E-01);
i.404.5.0; C+ C2H6  -> C3H2+ H2 H2 ; IN ; logn(0.1650E-08,1.3000E+00) ; dirg(0.1000E-01,0.1000E-01);
i.404.6.0; C+ C2H6  -> c-C3H3+ H2 H ; IN ; logn(0.1650E-08,1.3000E+00) ; dirg(0.4300E+00,0.1290E+00);
i.405.1.0; C+ C3H8  -> C2H3+ C2H5 ; IN ; logn(0.1850E-08,1.3000E+00) ; dirg(0.3500E+00,0.1050E+00);
i.405.2.0; C+ C3H8  -> c-C3H3+ H2 CH4 ; IN ; logn(0.1850E-08,1.3000E+00) ; dirg(0.2000E+00,0.6000E-01);
i.405.3.0; C+ C3H8  -> C3H7+ 1CH2 ; IN ; logn(0.1850E-08,1.3000E+00) ; dirg(0.3000E+00,0.9000E-01);
i.405.4.0; C+ C3H8  -> C3H8+ C ; IN ; logn(0.1850E-08,1.3000E+00) ; dirg(0.1000E+00,0.1000E+00);
i.405.5.0; C+ C3H8  -> C4H5+ H2 H ; IN ; logn(0.1850E-08,1.3000E+00) ; dirg(0.5000E-01,0.5000E-01);
i.406.1.0; C+ C4H2  -> C5H+ H ; IN ; logn(0.2900E-08,1.3000E+00) ; dirg(0.5000E+00,0.1500E+00);
i.406.2.0; C+ C4H2  -> C4H2+ C ; IN ; logn(0.2900E-08,1.3000E+00) ; dirg(0.4500E+00,0.1350E+00);
i.406.3.0; C+ C4H2  -> C3H+ C2H ; IN ; logn(0.2900E-08,1.3000E+00) ; dirg(0.5000E-01,0.5000E-01);
i.407.1.0; C+ H2O  -> H2O+ C ; IN ; logn(0.2400E-08,1.1500E+00) ; dirg(0.1000E+00,0.1000E+00);
i.407.2.0; C+ H2O  -> HCO+ H ; IN ; logn(0.2400E-08,1.1500E+00) ; dirg(0.9000E+00,0.2700E+00);
i.408.1.0; C+ HCN  -> CNC+ H ; IN ; logn(0.2950E-08,1.1500E+00) ; dirg(0.5000E+00,0.1000E+01);
i.408.2.0; C+ HCN  -> CCN+ H ; IN ; logn(0.2950E-08,1.1500E+00) ; dirg(0.5000E+00,0.1000E+01);
i.409.1.0; C+ CH3CN  -> CxHyNz+ dummy ; IN ; logn(0.5600E-08,1.2000E+00) ; dirg(0.1000E+01,0.3000E+00);
i.410.1.0; C+ C2N2  -> CCN+ CN ; IN ; logn(0.1900E-08,1.3000E+00) ; dirg(0.1100E+00,0.3300E-01);
i.410.2.0; C+ C2N2  -> CNC+ CN ; IN ; logn(0.1900E-08,1.3000E+00) ; dirg(0.8900E+00,0.2670E+00);
i.411.1.0; C+ HC3N  -> C3+ HCN ; IN ; logn(0.5500E-08,1.2000E+00) ; dirg(0.5000E-01,0.5000E-01);
i.411.2.0; C+ HC3N  -> C3H+ CN ; IN ; logn(0.5500E-08,1.2000E+00) ; dirg(0.7000E+00,0.2100E+00);
i.411.3.0; C+ HC3N  -> CNC+ C2H ; IN ; logn(0.5500E-08,1.2000E+00) ; dirg(0.2000E-01,0.2000E-01);
i.411.4.0; C+ HC3N  -> C4N+ H ; IN ; logn(0.5500E-08,1.2000E+00) ; dirg(0.2300E+00,0.6900E-01);
i.412.1.0; C+ NH3  -> NH3+ C ; IN ; logn(0.2300E-08,1.1000E+00) ; dirg(0.3200E+00,0.9600E-01);
i.412.2.0; C+ NH3  -> HCN+ H2 ; IN ; logn(0.2300E-08,1.1000E+00) ; dirg(0.5000E-01,0.5000E-01);
i.412.3.0; C+ NH3  -> HCNH+ H ; IN ; logn(0.2300E-08,1.1000E+00) ; dirg(0.6300E+00,0.1890E+00);
i.501.1.0; CH+ H  -> C+ H2 ; IN ; logn(0.7500E-09,1.3000E+00) ; dirg(0.1000E+01,0.3000E+00);
i.502.1.0; CH+ H2  -> CH2+ H ; IN ; logn(0.1200E-08,1.1500E+00) ; dirg(0.1000E+01,0.3000E+00);
i.503.1.0; CH+ CH4  -> C2H2+ H2 H ; IN ; logn(0.1300E-08,1.2000E+00) ; dirg(0.1100E+00,0.3300E-01);
i.503.2.0; CH+ CH4  -> C2H3+ H2 ; IN ; logn(0.1300E-08,1.2000E+00) ; dirg(0.8400E+00,0.2520E+00);
i.503.3.0; CH+ CH4  -> C2H4+ H ; IN ; logn(0.1300E-08,1.2000E+00) ; dirg(0.5000E-01,0.5000E-01);
i.504.1.0; CH+ C2H2  -> C3H2+ H ; IN ; logn(0.2400E-08,1.1000E+00) ; dirg(0.1000E+01,0.3000E+00);
i.505.1.0; CH+ N4S  -> CN+ H ; IN ; logn(0.1900E-09,1.5000E+00) ; dirg(0.9900E+00,0.2970E+00);
i.505.2.0; CH+ N4S  -> H+ CN ; IN ; logn(0.1900E-09,1.5000E+00) ; dirg(0.1000E-01,0.1000E-01);
i.506.1.0; CH+ H2O  -> H3O+ C ; IN ; logn(0.2900E-08,1.2000E+00) ; dirg(0.6000E+00,0.1800E+00);
i.506.2.0; CH+ H2O  -> HCO+ H2 ; IN ; logn(0.2900E-08,1.2000E+00) ; dirg(0.2000E+00,0.6000E-01);
i.506.3.0; CH+ H2O  -> H2CO+ H ; IN ; logn(0.2900E-08,1.2000E+00) ; dirg(0.2000E+00,0.6000E-01);
i.507.1.0; CH+ HCN  -> HCNH+ C ; IN ; logn(0.2800E-08,1.1500E+00) ; dirg(0.7500E+00,0.2250E+00);
i.507.2.0; CH+ HCN  -> CNC+ H2 ; IN ; logn(0.2800E-08,1.1500E+00) ; dirg(0.1500E+00,0.4500E-01);
i.507.3.0; CH+ HCN  -> C2HN+ H ; IN ; logn(0.2800E-08,1.1500E+00) ; dirg(0.1000E+00,0.1000E+00);
i.508.1.0; CH+ CO  -> HCO+ C ; IN ; logn(0.7000E-11,1.5000E+00) ; dirg(0.1000E+01,0.3000E+00);
i.509.1.0; CH+ NH3  -> HCNH+ H2 ; IN ; logn(0.2700E-08,1.2000E+00) ; dirg(0.6800E+00,0.2040E+00);
i.509.2.0; CH+ NH3  -> NH3+ CH ; IN ; logn(0.2700E-08,1.2000E+00) ; dirg(0.1700E+00,0.5100E-01);
i.509.3.0; CH+ NH3  -> NH4+ C ; IN ; logn(0.2700E-08,1.2000E+00) ; dirg(0.1500E+00,0.4500E-01);
i.601.1.0; CH2+ H2  -> CH3+ H ; IN ; logn(0.1160E-08,1.5400E+00) ; dirg(0.1000E+01,0.3000E+00);
i.602.1.0; CH2+ CH4  -> C2H4+ H2 ; IN ; logn(0.1300E-08,1.1500E+00) ; dirg(0.7000E+00,0.2100E+00);
i.602.2.0; CH2+ CH4  -> C2H5+ H ; IN ; logn(0.1300E-08,1.1500E+00) ; dirg(0.3000E+00,0.9000E-01);
i.603.1.0; CH2+ C2H2  -> c-C3H3+ H ; IN ; logn(0.2500E-08,1.1000E+00) ; dirg(0.1000E+01,0.3000E+00);
i.604.1.0; CH2+ N4S  -> CN+ H2 ; IN ; logn(0.2200E-09,1.5000E+00) ; dirg(0.5000E+00,0.1000E+01);
i.604.2.0; CH2+ N4S  -> HCN+ H ; IN ; logn(0.2200E-09,1.5000E+00) ; dirg(0.5000E+00,0.1000E+01);
i.605.1.0; CH2+ H2O  -> CH2OH+ H ; IN ; logn(0.2050E-08,1.6000E+00) ; dirg(0.1000E+01,0.3000E+00);
i.606.1.0; CH2+ HCN  -> C2H2N+ H ; IN ; logn(0.1800E-08,1.1000E+00) ; dirg(0.1000E+01,0.3000E+00);
i.607.1.0; CH2+ HC3N  -> CHCCNH+ CH ; IN ; logn(0.4100E-08,1.3000E+00) ; dirg(0.1000E+01,0.3000E+00);
i.608.1.0; CH2+ NH3  -> NH4+ CH ; IN ; logn(0.2660E-08,1.1000E+00) ; dirg(0.3300E+00,0.9900E-01);
i.608.2.0; CH2+ NH3  -> CH2NH2+ H ; IN ; logn(0.2660E-08,1.1000E+00) ; dirg(0.6700E+00,0.2010E+00);
i.701.1.0; CH3+ H2  -> CH5+ ; IN ; logn(0.4000E-12,1.2500E+00) ; dirg(0.1000E+01,0.3000E+00);
i.702.1.0; CH3+ CH4  -> C2H5+ H2 ; IN ; logn(0.1100E-08,1.1500E+00) ; dirg(0.1000E+01,0.3000E+00);
i.703.1.0; CH3+ C2H2  -> c-C3H3+ H2 ; IN ; logn(0.1150E-08,1.1000E+00) ; dirg(0.2500E+00,0.7500E-01);
i.703.2.0; CH3+ C2H2  -> l-C3H3+ H2 ; IN ; logn(0.1150E-08,1.1000E+00) ; dirg(0.7500E+00,0.2250E+00);
i.704.1.0; CH3+ C2H4  -> C2H3+ CH4 ; IN ; logn(0.1060E-08,1.1000E+00) ; dirg(0.4600E+00,0.1380E+00);
i.704.2.0; CH3+ C2H4  -> c-C3H3+ H2 H2 ; IN ; logn(0.1060E-08,1.1000E+00) ; dirg(0.3000E-01,0.3000E-01);
i.704.3.0; CH3+ C2H4  -> C3H5+ H2 ; IN ; logn(0.1060E-08,1.1000E+00) ; dirg(0.5100E+00,0.1530E+00);
i.705.1.0; CH3+ C2H6  -> C2H5+ CH4 ; IN ; logn(0.1740E-08,1.1000E+00) ; dirg(0.8500E+00,0.2550E+00);
i.705.2.0; CH3+ C2H6  -> C3H5+ H2 H2 ; IN ; logn(0.1740E-08,1.1000E+00) ; dirg(0.9000E-01,0.9000E-01);
i.705.3.0; CH3+ C2H6  -> C3H7+ H2 ; IN ; logn(0.1740E-08,1.1000E+00) ; dirg(0.6000E-01,0.6000E-01);
i.706.1.0; CH3+ C4H2  -> c-C3H3+ C2H2 ; IN ; logn(0.1300E-08,1.3000E+00) ; dirg(0.9000E+00,0.2700E+00);
i.706.2.0; CH3+ C4H2  -> C5H3+ H2 ; IN ; logn(0.1300E-08,1.3000E+00) ; dirg(0.1000E+00,0.1000E+00);
i.707.1.0; CH3+ N4S  -> HCN+ H2 ; IN ; logn(0.6700E-10,1.2000E+00) ; dirg(0.5000E+00,0.1000E+01);
i.707.2.0; CH3+ N4S  -> HCNH+ H ; IN ; logn(0.6700E-10,1.2000E+00) ; dirg(0.5000E+00,0.1000E+01);
i.708.1.0; CH3+ HCN  -> CH3CNH+ ; IN ; logn(0.2000E-09,1.1000E+00) ; dirg(0.1000E+01,0.3000E+00);
i.709.1.0; CH3+ CH3CN  -> C2H5+ HCN ; IN ; logn(0.1800E-08,1.2000E+00) ; dirg(0.3700E+00,0.1110E+00);
i.709.2.0; CH3+ CH3CN  -> HCNH+ C2H4 ; IN ; logn(0.1800E-08,1.2000E+00) ; dirg(0.5800E+00,0.1740E+00);
i.709.3.0; CH3+ CH3CN  -> C2H5CNH+ ; IN ; logn(0.1800E-08,1.2000E+00) ; dirg(0.5000E-01,0.5000E-01);
i.710.1.0; CH3+ CH3NH2  -> CH2NH2+ CH4 ; IN ; logn(0.1400E-08,1.6000E+00) ; dirg(0.1000E+01,0.3000E+00);
i.711.1.0; CH3+ HC3N  -> c-C3H3+ HCN ; IN ; logn(0.1500E-08,1.2000E+00) ; dirg(0.9500E+00,0.2850E+00);
i.711.2.0; CH3+ HC3N  -> C4H4N+ ; IN ; logn(0.1500E-08,1.2000E+00) ; dirg(0.5000E-01,0.5000E-01);
i.712.1.0; CH3+ C2N2  -> C2H2N+ HCN ; IN ; logn(0.4400E-10,1.2000E+00) ; dirg(0.8000E+00,0.2400E+00);
i.712.2.0; CH3+ C2N2  -> C2H3CN+ ; IN ; logn(0.4400E-10,1.2000E+00) ; dirg(0.2000E+00,0.6000E-01);
i.713.1.1; CH3+ NH3  -> NH4+ 1CH2 ; IN ; logn(0.1750E-08,1.1000E+00) ; dirg(0.1500E+00,0.4500E-01) ; diun(1)
i.713.2.1; CH3+ NH3  -> NH4+ 3CH2 ; IN ; logn(0.1750E-08,1.1000E+00) ; dirg(0.1500E+00,0.4500E-01) ; diun(1)
i.713.3.0; CH3+ NH3  -> CH2NH2+ H2 ; IN ; logn(0.1750E-08,1.1000E+00) ; dirg(0.8500E+00,0.2550E+00);
i.801.1.0; CH4+ H2  -> CH5+ H ; IN ; logn(0.3500E-10,1.1500E+00) ; diun(1);
i.802.1.0; CH4+ CH4  -> CH5+ CH3 ; IN ; logn(0.1140E-08,1.1500E+00) ; diun(1);
i.803.1.0; CH4+ C2H2  -> C2H2+ CH4 ; IN ; logn(0.2720E-08,1.1000E+00) ; diun(1);
i.803.2.0; CH4+ C2H2  -> C2H3+ CH3 ; IN ; logn(0.2720E-08,1.1000E+00) ; diun(1);
i.803.3.0; CH4+ C2H2  -> C2H3+ H2 H ; IN ; logn(0.2720E-08,1.1000E+00) ; diun(1);
i.804.1.0; CH4+ C2H4  -> C2H4+ CH4 ; IN ; logn(0.2000E-08,1.3000E+00) ; diun(1);
i.804.2.0; CH4+ C2H4  -> C2H5+ CH3 ; IN ; logn(0.2000E-08,1.3000E+00) ; diun(1);
i.804.3.0; CH4+ C2H4  -> C3H5+ H2 H ; IN ; logn(0.2000E-08,1.3000E+00) ; diun(1);
i.805.1.0; CH4+ C2H6  -> C2H4+ H2 CH4 ; IN ; logn(0.1910E-08,1.1000E+00) ; diun(1);
i.806.1.0; CH4+ H2O  -> H3O+ CH3 ; IN ; logn(0.2500E-08,1.1000E+00) ; diun(1);
i.807.1.0; CH4+ HCN  -> HCNH+ CH3 ; IN ; logn(0.3300E-08,1.1000E+00) ; diun(1);
i.807.2.0; CH4+ HCN  -> CH3CNH+ H ; IN ; logn(0.3300E-08,1.1000E+00) ; diun(1);
i.808.1.0; CH4+ HC3N  -> CHCCNH+ CH3 ; IN ; logn(0.2500E-08,1.3000E+00) ; diun(1);
i.809.1.0; CH4+ CO  -> HCO+ CH3 ; IN ; logn(0.1080E-08,1.4000E+00) ; diun(1);
i.809.2.0; CH4+ CO  -> CH3CO+ H ; IN ; logn(0.1080E-08,1.4000E+00) ; diun(1);
i.810.1.0; CH4+ NH3  -> CH5+ NH2 ; IN ; logn(0.3000E-08,1.1000E+00) ; diun(1);
i.810.2.0; CH4+ NH3  -> NH4+ CH3 ; IN ; logn(0.3000E-08,1.1000E+00) ; diun(1);
i.810.3.0; CH4+ NH3  -> NH3+ CH4 ; IN ; logn(0.3000E-08,1.1000E+00) ; diun(1);
i.901.1.0; CH5+ H  -> CH4+ H2 ; IN ; logn(0.1500E-09,1.5000E+00) ; dirg(0.1000E+01,0.3000E+00);
i.902.1.0; CH5+ C2H2  -> C2H3+ CH4 ; IN ; logn(0.1480E-08,1.2000E+00) ; dirg(0.1000E+01,0.3000E+00);
i.903.1.0; CH5+ C2H4  -> C2H5+ CH4 ; IN ; logn(0.1500E-08,1.2000E+00) ; dirg(0.1000E+01,0.3000E+00);
i.904.1.0; CH5+ C2H6  -> C2H5+ H2 CH4 ; IN ; logn(0.1350E-08,1.1500E+00) ; dirg(0.1500E+00,0.4500E-01);
i.904.2.0; CH5+ C2H6  -> C2H7+ CH4 ; IN ; logn(0.1350E-08,1.1500E+00) ; dirg(0.8500E+00,0.2550E+00);
i.905.1.0; CH5+ H2O  -> H3O+ CH4 ; IN ; logn(0.3700E-08,1.2500E+00) ; dirg(0.1000E+01,0.3000E+00);
i.906.1.0; CH5+ HC3N  -> CHCCNH+ CH4 ; IN ; logn(0.4500E-08,1.3000E+00) ; dirg(0.1000E+01,0.3000E+00);
i.907.1.0; CH5+ NH3  -> NH4+ CH4 ; IN ; logn(0.2400E-08,1.1500E+00) ; dirg(0.1000E+01,0.3000E+00);
i.908.1.0; CH5+ CO  -> HCO+ CH4 ; IN ; logn(0.9900E-09,1.2000E+00) ; dirg(0.1000E+01,0.3000E+00);
i.1001.1.0; C2H+ H2  -> C2H2+ H ; IN ; logn(0.1240E-08,1.5000E+00) ; dirg(0.1000E+01,0.3000E+00);
i.1002.1.0; C2H+ CH4  -> C2H2+ CH3 ; IN ; logn(0.1100E-08,1.2000E+00) ; dirg(0.3400E+00,0.1020E+00);
i.1002.2.0; C2H+ CH4  -> c-C3H3+ H2 ; IN ; logn(0.1100E-08,1.2000E+00) ; dirg(0.3400E+00,0.1020E+00);
i.1002.3.0; C2H+ CH4  -> C3H4+ H ; IN ; logn(0.1100E-08,1.2000E+00) ; dirg(0.1200E+00,0.3600E-01);
i.1002.4.0; C2H+ CH4  -> C3H5+ ; IN ; logn(0.1100E-08,1.2000E+00) ; dirg(0.2000E+00,0.6000E-01);
i.1003.1.0; C2H+ C2H2  -> C4H2+ H ; IN ; logn(0.1850E-08,1.3000E+00) ; dirg(0.1000E+01,0.3000E+00);
i.1004.1.0; C2H+ C2H4  -> C4H3+ H2 ; IN ; logn(0.1710E-08,1.1000E+00) ; dirg(0.8300E+00,0.2490E+00);
i.1004.2.0; C2H+ C2H4  -> C4H2+ H2 H ; IN ; logn(0.1710E-08,1.1000E+00) ; dirg(0.1700E+00,0.5100E-01);
i.1005.1.0; C2H+ N4S  -> CH+ CN ; IN ; logn(0.9500E-10,1.2000E+00) ; dirg(0.1000E+01,0.3000E+00);
i.1006.1.0; C2H+ HCN  -> C2H2+ CN ; IN ; logn(0.2700E-08,1.1000E+00) ; dirg(0.2000E+00,0.6000E-01);
i.1006.2.0; C2H+ HCN  -> HCNH+ C2 ; IN ; logn(0.2700E-08,1.1000E+00) ; dirg(0.3500E+00,0.1050E+00);
i.1006.3.0; C2H+ HCN  -> CHCCN+ H ; IN ; logn(0.2700E-08,1.1000E+00) ; dirg(0.4500E+00,0.1350E+00);
i.1007.1.0; C2H+ HC3N  -> C4H+ HCN ; IN ; logn(0.3800E-08,1.2500E+00) ; dirg(0.2000E+00,0.6000E-01);
i.1007.2.0; C2H+ HC3N  -> C4H2+ CN ; IN ; logn(0.3800E-08,1.2500E+00) ; dirg(0.1200E+00,0.3600E-01);
i.1007.3.0; C2H+ HC3N  -> CHCCNH+ C2 ; IN ; logn(0.3800E-08,1.2500E+00) ; dirg(0.3700E+00,0.1110E+00);
i.1007.4.0; C2H+ HC3N  -> HC5N+ H ; IN ; logn(0.3800E-08,1.2500E+00) ; dirg(0.3100E+00,0.9300E-01);
i.1008.1.0; C2H+ NH3  -> NH4+ C2 ; IN ; logn(0.1100E-08,1.9000E+00) ; dirg(0.5000E+00,0.1000E+01);
i.1008.2.0; C2H+ NH3  -> C2H2N+ H2 ; IN ; logn(0.1100E-08,1.9000E+00) ; dirg(0.5000E+00,0.1000E+01);
i.1101.1.0; C2H2+ H2  -> C2H3+ H ; IN ; logn(0.1000E-10,1.3000E+00) ; dirg(0.1000E+01,0.3000E+00);
i.1102.1.0; C2H2+ CH4  -> C3H4+ H2 ; IN ; logn(0.8900E-09,1.1000E+00) ; dirg(0.2100E+00,0.6300E-01);
i.1102.2.0; C2H2+ CH4  -> C3H5+ H ; IN ; logn(0.8900E-09,1.1000E+00) ; dirg(0.7900E+00,0.2370E+00);
i.1103.1.0; C2H2+ C2H2  -> C4H2+ H2 ; IN ; logn(0.1400E-08,1.1500E+00) ; dirg(0.3200E+00,0.9600E-01);
i.1103.2.0; C2H2+ C2H2  -> C4H3+ H ; IN ; logn(0.1400E-08,1.1500E+00) ; dirg(0.6800E+00,0.2040E+00);
i.1104.1.0; C2H2+ C2H4  -> C2H4+ C2H2 ; IN ; logn(0.1380E-08,1.1500E+00) ; dirg(0.3000E+00,0.9000E-01);
i.1104.2.0; C2H2+ C2H4  -> c-C3H3+ CH3 ; IN ; logn(0.1380E-08,1.1500E+00) ; dirg(0.4800E+00,0.1440E+00);
i.1104.3.0; C2H2+ C2H4  -> C4H5+ H ; IN ; logn(0.1380E-08,1.1500E+00) ; dirg(0.2200E+00,0.6600E-01);
i.1105.1.0; C2H2+ C2H6  -> C2H4+ C2H4 ; IN ; logn(0.1380E-08,1.1000E+00) ; dirg(0.1700E+00,0.5100E-01);
i.1105.2.0; C2H2+ C2H6  -> C2H5+ C2H3 ; IN ; logn(0.1380E-08,1.1000E+00) ; dirg(0.9000E-01,0.9000E-01);
i.1105.3.0; C2H2+ C2H6  -> c-C3H3+ H2 CH3 ; IN ; logn(0.1380E-08,1.1000E+00) ; dirg(0.6000E-01,0.6000E-01);
i.1105.4.0; C2H2+ C2H6  -> C3H4+ CH4 ; IN ; logn(0.1380E-08,1.1000E+00) ; dirg(0.1000E-01,0.1000E-01);
i.1105.5.0; C2H2+ C2H6  -> C3H5+ CH3 ; IN ; logn(0.1380E-08,1.1000E+00) ; dirg(0.5300E+00,0.1590E+00);
i.1105.6.0; C2H2+ C2H6  -> C4H5+ H2 H ; IN ; logn(0.1380E-08,1.1000E+00) ; dirg(0.5000E-01,0.5000E-01);
i.1105.7.0; C2H2+ C2H6  -> C4H7+ H ; IN ; logn(0.1380E-08,1.1000E+00) ; dirg(0.9000E-01,0.9000E-01);
i.1106.1.0; C2H2+ C4H2  -> C4H2+ C2H2 ; IN ; logn(0.1400E-08,1.3000E+00) ; dirg(0.9000E+00,0.2700E+00);
i.1106.2.0; C2H2+ C4H2  -> C6H3+ H ; IN ; logn(0.1400E-08,1.3000E+00) ; dirg(0.1000E+00,0.1000E+00);
i.1107.1.0; C2H2+ N4S  -> CH+ HCN ; IN ; logn(0.2500E-09,1.2000E+00) ; dirg(0.5000E-01,0.5000E-01);
i.1107.2.0; C2H2+ N4S  -> CNC+ H2 ; IN ; logn(0.2500E-09,1.2000E+00) ; dirg(0.3500E+00,0.1050E+00);
i.1107.3.0; C2H2+ N4S  -> C2HN+ H ; IN ; logn(0.2500E-09,1.2000E+00) ; dirg(0.6000E+00,0.1800E+00);
i.1108.1.0; C2H2+ H2O  -> H3O+ C2H ; IN ; logn(0.2200E-09,1.1000E+00) ; dirg(0.1000E+01,0.3000E+00);
i.1109.1.0; C2H2+ HCN  -> HCNH+ C2H ; IN ; logn(0.3900E-09,1.2500E+00) ; dirg(0.6600E+00,0.1980E+00);
i.1109.2.0; C2H2+ HCN  -> CHCCNH+ H ; IN ; logn(0.3900E-09,1.2500E+00) ; dirg(0.3400E+00,0.1020E+00);
i.1110.1.0; C2H2+ CH3CN  -> CH3CNH+ C2H ; IN ; logn(0.3800E-08,1.2500E+00) ; dirg(0.2200E+00,0.6600E-01);
i.1110.2.0; C2H2+ CH3CN  -> C3H4+ HCN ; IN ; logn(0.3800E-08,1.2500E+00) ; dirg(0.2800E+00,0.8400E-01);
i.1110.3.0; C2H2+ CH3CN  -> C3H5+ CN ; IN ; logn(0.3800E-08,1.2500E+00) ; dirg(0.2800E+00,0.8400E-01);
i.1110.4.0; C2H2+ CH3CN  -> C4H5N+ ; IN ; logn(0.3800E-08,1.2500E+00) ; dirg(0.2200E+00,0.6600E-01);
i.1111.1.0; C2H2+ HC3N  -> C4H2+ HCN ; IN ; logn(0.3450E-08,1.2000E+00) ; dirg(0.4500E+00,0.1350E+00);
i.1111.2.0; C2H2+ HC3N  -> C5H3N+ ; IN ; logn(0.3450E-08,1.2000E+00) ; dirg(0.5500E+00,0.1650E+00);
i.1112.1.0; C2H2+ NH3  -> NH3+ C2H2 ; IN ; logn(0.3100E-08,1.1000E+00) ; dirg(0.6900E+00,0.2070E+00);
i.1112.2.0; C2H2+ NH3  -> NH4+ C2H ; IN ; logn(0.3100E-08,1.1000E+00) ; dirg(0.3100E+00,0.9300E-01);
i.1201.1.0; C2H3+ H  -> C2H2+ H2 ; IN ; logn(0.6800E-10,1.2000E+00) ; dirg(0.1000E+01,0.3000E+00);
i.1202.1.0; C2H3+ CH4  -> C3H5+ H2 ; IN ; logn(0.1900E-09,1.2000E+00) ; dirg(0.1000E+01,0.3000E+00);
i.1203.1.0; C2H3+ C2H2  -> C4H3+ H2 ; IN ; logn(0.2400E-09,1.3000E+00) ; dirg(0.1000E+01,0.3000E+00);
i.1204.1.0; C2H3+ C2H4  -> C2H5+ C2H2 ; IN ; logn(0.8200E-09,1.1000E+00) ; dirg(0.1000E+01,0.3000E+00);
i.1205.1.0; C2H3+ C2H6  -> C2H5+ C2H4 ; IN ; logn(0.6200E-09,1.1000E+00) ; dirg(0.4700E+00,0.1410E+00);
i.1205.2.0; C2H3+ C2H6  -> C3H5+ CH4 ; IN ; logn(0.6200E-09,1.1000E+00) ; dirg(0.4000E+00,0.1200E+00);
i.1205.3.0; C2H3+ C2H6  -> C4H7+ H2 ; IN ; logn(0.6200E-09,1.1000E+00) ; dirg(0.1300E+00,0.3900E-01);
i.1206.1.0; C2H3+ N4S  -> C2HN+ H2 ; IN ; logn(0.2400E-10,1.6000E+00) ; dirg(0.1000E+01,0.3000E+00);
i.1207.1.0; C2H3+ H2O  -> H3O+ C2H2 ; IN ; logn(0.1110E-08,1.1000E+00) ; dirg(0.1000E+01,0.3000E+00);
i.1208.1.0; C2H3+ HCN  -> HCNH+ C2H2 ; IN ; logn(0.2300E-08,1.1000E+00) ; dirg(0.1000E+01,0.3000E+00);
i.1209.1.0; C2H3+ HC3N  -> CHCCNH+ C2H2 ; IN ; logn(0.3800E-08,1.2000E+00) ; dirg(0.1000E+01,0.3000E+00);
i.1210.1.0; C2H3+ C2N2  -> C2HN2+ C2H2 ; IN ; logn(0.5500E-09,1.4000E+00) ; dirg(0.1000E+01,0.3000E+00);
i.1211.1.0; C2H3+ NH3  -> NH4+ C2H2 ; IN ; logn(0.2480E-08,1.1000E+00) ; dirg(0.1000E+01,0.3000E+00);
i.1301.1.0; C2H4+ H  -> C2H3+ H2 ; IN ; logn(0.3000E-09,1.2000E+00) ; dirg(0.1000E+01,0.3000E+00);
i.1302.1.0; C2H4+ C2H2  -> c-C3H3+ CH3 ; IN ; logn(0.8400E-09,1.1000E+00) ; dirg(0.7700E+00,0.2310E+00);
i.1302.2.0; C2H4+ C2H2  -> C4H5+ H ; IN ; logn(0.8400E-09,1.1000E+00) ; dirg(0.2300E+00,0.6900E-01);
i.1303.1.0; C2H4+ C2H4  -> C3H5+ CH3 ; IN ; logn(0.8300E-09,1.1000E+00) ; dirg(0.9100E+00,0.2730E+00);
i.1303.2.0; C2H4+ C2H4  -> C4H7+ H ; IN ; logn(0.8300E-09,1.1000E+00) ; dirg(0.9000E-01,0.9000E-01);
i.1304.1.0; C2H4+ C2H6  -> C3H6+ CH4 ; IN ; logn(0.5150E-09,1.1000E+00) ; dirg(0.7000E-01,0.7000E-01);
i.1304.2.0; C2H4+ C2H6  -> C3H7+ CH3 ; IN ; logn(0.5150E-09,1.1000E+00) ; dirg(0.9300E+00,0.2790E+00);
i.1305.1.0; C2H4+ HC3N  -> CHCCNH+ C2H3 ; IN ; logn(0.1400E-08,1.2000E+00) ; dirg(0.8500E+00,0.2550E+00);
i.1305.2.0; C2H4+ HC3N  -> C5H4N+ H ; IN ; logn(0.1400E-08,1.2000E+00) ; dirg(0.1500E+00,0.4500E-01);
i.1306.1.0; C2H4+ NH3  -> NH3+ C2H4 ; IN ; logn(0.2060E-08,1.1000E+00) ; dirg(0.6000E-01,0.6000E-01);
i.1306.2.0; C2H4+ NH3  -> NH4+ C2H3 ; IN ; logn(0.2060E-08,1.1000E+00) ; dirg(0.9400E+00,0.2820E+00);
i.1401.1.0; C2H5+ H  -> C2H4+ H2 ; IN ; logn(0.1000E-10,1.3000E+00) ; dirg(0.1000E+01,0.3000E+00);
i.1402.1.0; C2H5+ CH4  -> C3H7+ H2 ; IN ; logn(0.9000E-13,1.1500E+00) ; dirg(0.1000E+01,0.3000E+00);
i.1403.1.0; C2H5+ C2H2  -> c-C3H3+ CH4 ; IN ; logn(0.1900E-09,1.2000E+00) ; dirg(0.3600E+00,0.1080E+00);
i.1403.2.0; C2H5+ C2H2  -> C4H5+ H2 ; IN ; logn(0.1900E-09,1.2000E+00) ; dirg(0.6400E+00,0.1920E+00);
i.1404.1.0; C2H5+ C2H4  -> C3H5+ CH4 ; IN ; logn(0.3550E-09,1.1500E+00) ; dirg(0.1000E+01,0.3000E+00);
i.1405.1.0; C2H5+ C2H6  -> C3H7+ CH4 ; IN ; logn(0.3900E-10,1.1000E+00) ; dirg(0.1400E+00,0.4200E-01);
i.1405.2.0; C2H5+ C2H6  -> C4H9+ H2 ; IN ; logn(0.3900E-10,1.1000E+00) ; dirg(0.8600E+00,0.2580E+00);
i.1406.1.0; C2H5+ C3H8  -> C3H7+ C2H6 ; IN ; logn(0.6300E-09,1.1500E+00) ; dirg(0.1000E+01,0.3000E+00);
i.1407.1.0; C2H5+ H2O  -> H3O+ C2H4 ; IN ; logn(0.1860E-08,1.06500E+00) ; dirg(0.1000E+01,0.3000E+00);
i.1408.1.0; C2H5+ HCN  -> HCNH+ C2H4 ; IN ; logn(0.2700E-08,1.2000E+00) ; dirg(0.1000E+01,0.3000E+00);
i.1409.1.0; C2H5+ CH2NH  -> CH2NH2+ C2H4 ; IN ; logn(0.1840E-08,1.5800E+00) ; dirg(0.1000E+01,0.3000E+00);
i.1410.1.0; C2H5+ CH3NH2  -> CH3NH3+ C2H4 ; IN ; logn(0.1570E-08,1.3000E+00) ; dirg(0.1000E+01,0.3000E+00);
i.1411.1.0; C2H5+ CH3CN  -> CH3CNH+ C2H4 ; IN ; logn(0.3800E-08,1.2000E+00) ; dirg(0.1000E+01,0.3000E+00);
i.1412.1.0; C2H5+ C2N2  -> C2HN2+ C2H4 ; IN ; logn(0.9000E-10,1.5000E+00) ; dirg(0.1000E+01,0.3000E+00);
i.1413.1.0; C2H5+ HC3N  -> CHCCNH+ C2H4 ; IN ; logn(0.3550E-08,1.2000E+00) ; dirg(0.1000E+01,0.3000E+00);
i.1414.1.0; C2H5+ NH3  -> NH4+ C2H4 ; IN ; logn(0.2090E-08,1.1000E+00) ; dirg(0.1000E+01,0.3000E+00);
i.1501.1.0; C2H6+ H  -> C2H5+ H2 ; IN ; logn(0.1000E-09,1.2000E+00) ; dirg(0.1000E+01,0.3000E+00);
i.1502.1.0; C2H6+ C2H2  -> C2H5+ C2H3 ; IN ; logn(0.1300E-08,1.1000E+00) ; dirg(0.1900E+00,0.5700E-01);
i.1502.2.0; C2H6+ C2H2  -> C3H5+ CH3 ; IN ; logn(0.1300E-08,1.1000E+00) ; dirg(0.7000E+00,0.2100E+00);
i.1502.3.0; C2H6+ C2H2  -> C4H7+ H ; IN ; logn(0.1300E-08,1.1000E+00) ; dirg(0.1100E+00,0.3300E-01);
i.1503.1.0; C2H6+ C2H4  -> C2H4+ C2H6 ; IN ; logn(0.1150E-08,1.1000E+00) ; dirg(0.1000E+01,0.3000E+00);
i.1504.1.0; C2H6+ C2H6  -> C3H8+ CH4 ; IN ; logn(0.1900E-10,1.1000E+00) ; dirg(0.4200E+00,0.1260E+00);
i.1504.2.0; C2H6+ C2H6  -> C3H9+ CH3 ; IN ; logn(0.1900E-10,1.1000E+00) ; dirg(0.5800E+00,0.1740E+00);
i.1505.1.0; C2H6+ H2O  -> H3O+ C2H5 ; IN ; logn(0.2950E-08,1.1000E+00) ; dirg(0.1000E+01,0.3000E+00);
i.1506.1.0; C2H6+ HCN  -> HCNH+ C2H5 ; IN ; logn(0.1200E-08,1.1000E+00) ; dirg(0.9500E+00,0.2850E+00);
i.1506.2.0; C2H6+ HCN  -> C2H5CNH+ H ; IN ; logn(0.1200E-08,1.1000E+00) ; dirg(0.5000E-01,0.5000E-01);
i.1507.1.0; C2H6+ NH3  -> NH3+ C2H6 ; IN ; logn(0.2230E-08,1.1000E+00) ; dirg(0.2800E+00,0.8400E-01);
i.1507.2.0; C2H6+ NH3  -> NH4+ C2H5 ; IN ; logn(0.2230E-08,1.1000E+00) ; dirg(0.7200E+00,0.2160E+00);
i.1601.1.0; C2H7+ NH3  -> NH4+ C2H6 ; IN ; logn(0.2000E-08,1.2000E+00) ; dirg(0.1000E+01,0.3000E+00);
i.1701.1.0; C3H+ H2  -> C3H2+ H ; IN ; logn(0.2600E-10,1.3000E+00) ; dirg(0.2000E+00,0.6000E-01);
i.1701.2.0; C3H+ H2  -> c-C3H3+ ; IN ; logn(0.2600E-10,1.3000E+00) ; dirg(0.8000E+00,0.2400E+00);
i.1702.1.0; C3H+ CH4  -> C2H3+ C2H2 ; IN ; logn(0.8700E-09,1.2000E+00) ; dirg(0.9000E+00,0.2700E+00);
i.1702.2.0; C3H+ CH4  -> C4H3+ H2 ; IN ; logn(0.8700E-09,1.2000E+00) ; dirg(0.1000E+00,0.1000E+00);
i.1703.1.0; C3H+ C2H2  -> C5H2+ H ; IN ; logn(0.8400E-09,1.5000E+00) ; dirg(0.1000E+01,0.3000E+00);
i.1704.1.0; C3H+ C2H4  -> c-C3H3+ C2H2 ; IN ; logn(0.9500E-09,1.3000E+00) ; dirg(0.9500E+00,0.2850E+00);
i.1704.2.0; C3H+ C2H4  -> C5H2+ H2 ; IN ; logn(0.9500E-09,1.3000E+00) ; dirg(0.5000E-01,0.5000E-01);
i.1705.1.0; C3H+ CH3C2H  -> C4H3+ C2H2 ; IN ; logn(0.1400E-08,1.2000E+00) ; dirg(0.1000E+01,0.3000E+00);
i.1712.1.0; C3H+ CH2CCH2  -> C4H3+ C2H2 ; IN ; logn(0.1400E-08,1.2000E+00) ; dirg(0.1000E+01,0.3000E+00);
i.1706.1.0; C3H+ C4H2  -> C5H2+ C2H ; IN ; logn(0.1200E-08,1.3000E+00) ; dirg(0.8500E+00,0.2550E+00);
i.1706.2.0; C3H+ C4H2  -> C5H+ C2H2 ; IN ; logn(0.1200E-08,1.3000E+00) ; dirg(0.1000E+00,0.1000E+00);
i.1706.3.0; C3H+ C4H2  -> C4H2+ C3H ; IN ; logn(0.1200E-08,1.3000E+00) ; dirg(0.5000E-01,0.5000E-01);
i.1707.1.0; C3H+ H2O  -> C2H3+ CO ; IN ; logn(0.4500E-09,1.3000E+00) ; dirg(0.4000E+00,0.1200E+00);
i.1707.2.0; C3H+ H2O  -> HCO+ C2H2 ; IN ; logn(0.4500E-09,1.3000E+00) ; dirg(0.5500E+00,0.1650E+00);
i.1707.3.0; C3H+ H2O  -> C3HO+ H2 ; IN ; logn(0.4500E-09,1.3000E+00) ; dirg(0.5000E-01,0.5000E-01);
i.1708.1.0; C3H+ HCN  -> HCNH+ C3 ; IN ; logn(0.4000E-10,1.3000E+00) ; dirg(0.9000E-01,0.9000E-01);
i.1708.2.0; C3H+ HCN  -> C4H2N+ ; IN ; logn(0.4000E-10,1.3000E+00) ; dirg(0.9100E+00,0.2730E+00);
i.1709.1.0; C3H+ CH3CN  -> C2H3+ HC3N ; IN ; logn(0.3000E-08,1.3000E+00) ; dirg(0.2000E+00,0.6000E-01);
i.1709.2.0; C3H+ CH3CN  -> CH3CNH+ C3 ; IN ; logn(0.3000E-08,1.3000E+00) ; dirg(0.1500E+00,0.4500E-01);
i.1709.3.0; C3H+ CH3CN  -> CHCCNH+ C2H2 ; IN ; logn(0.3000E-08,1.3000E+00) ; dirg(0.3500E+00,0.1050E+00);
i.1709.4.0; C3H+ CH3CN  -> C5H4N+ ; IN ; logn(0.3000E-08,1.3000E+00) ; dirg(0.3000E+00,0.9000E-01);
i.1710.1.0; C3H+ C2N2  -> C5HN2+ ; IN ; logn(0.4400E-09,1.6000E+00) ; dirg(0.1000E+01,0.3000E+00);
i.1711.1.0; C3H+ HC3N  -> C6H2N+ ; IN ; logn(0.1250E-08,1.2000E+00) ; dirg(0.1000E+01,0.3000E+00);
i.1801.1.0; C3H2+ C2H2  -> C5H3+ H ; IN ; logn(0.8500E-09,1.2500E+00) ; dirg(0.1000E+01,0.3000E+00);
i.1802.1.0; C3H2+ CH3C2H  -> C4H2+ C2H4 ; IN ; logn(0.1300E-08,1.2000E+00) ; dirg(0.9000E-01,0.9000E-01);
i.1802.2.0; C3H2+ CH3C2H  -> C4H3+ C2H3 ; IN ; logn(0.1300E-08,1.2000E+00) ; dirg(0.1200E+00,0.3600E-01);
i.1802.3.0; C3H2+ CH3C2H  -> C4H4+ C2H2 ; IN ; logn(0.1300E-08,1.2000E+00) ; dirg(0.4100E+00,0.1230E+00);
i.1802.4.0; C3H2+ CH3C2H  -> C5H3+ CH3 ; IN ; logn(0.1300E-08,1.2000E+00) ; dirg(0.1800E+00,0.5400E-01);
i.1802.5.0; C3H2+ CH3C2H  -> C6H5+ H ; IN ; logn(0.1300E-08,1.2000E+00) ; dirg(0.2000E+00,0.6000E-01);
i.1805.1.0; C3H2+ CH2CCH2  -> C4H2+ C2H4 ; IN ; logn(0.1300E-08,1.2000E+00) ; dirg(0.9000E-01,0.9000E-01);
i.1805.2.0; C3H2+ CH2CCH2  -> C4H3+ C2H3 ; IN ; logn(0.1300E-08,1.2000E+00) ; dirg(0.1200E+00,0.3600E-01);
i.1805.3.0; C3H2+ CH2CCH2  -> C4H4+ C2H2 ; IN ; logn(0.1300E-08,1.2000E+00) ; dirg(0.4100E+00,0.1230E+00);
i.1805.4.0; C3H2+ CH2CCH2  -> C5H3+ CH3 ; IN ; logn(0.1300E-08,1.2000E+00) ; dirg(0.1800E+00,0.5400E-01);
i.1805.5.0; C3H2+ CH2CCH2  -> C6H5+ H ; IN ; logn(0.1300E-08,1.2000E+00) ; dirg(0.2000E+00,0.6000E-01);
i.1803.1.0; C3H2+ HCN  -> Z dummy ; IN ; logn(0.1600E-09,1.1000E+00) ; dirg(0.1000E+01,0.3000E+00);
i.1804.1.0; C3H2+ NH3  -> NH4+ C3H ; IN ; logn(0.2300E-08,1.2000E+00) ; dirg(0.2000E+00,0.6000E-01);
i.1804.2.1; C3H2+ NH3  -> CH3N+ C2H2 ; IN ; logn(0.2300E-08,1.2000E+00) ; dirg(0.1000E+00,0.5000E-01) ; diun(1)
i.1804.3.1; C3H2+ NH3  -> C2H5+ CN ; IN ; logn(0.2300E-08,1.2000E+00) ; dirg(0.1000E+00,0.5000E-01) ; diun(1)
i.1804.4.0; C3H2+ NH3  -> CH2CHCNH+ H ; IN ; logn(0.2300E-08,1.2000E+00) ; dirg(0.6000E+00,0.1800E+00);
i.1804.5.0; C3H2+ NH3  -> C3H5N+ ; IN ; logn(0.2300E-08,1.2000E+00) ; dirg(0.1000E+00,0.1000E+00);
i.1901.1.0; l-C3H3+ N4S  -> CHCCN+ H2 ; IN ; logn(0.2200E-10,1.6000E+00) ; dirg(0.1000E+01,0.3000E+00);
i.1902.1.0; l-C3H3+ C2H2  -> c-C3H3+ C2H2 ; IN ; logn(0.2100E-09,1.1500E+00) ; dirg(0.1000E+01,0.3000E+00);
i.1903.1.0; l-C3H3+ C2H4  -> C5H5+ H2 ; IN ; logn(0.1100E-08,1.5000E+00) ; dirg(0.5000E+00,0.1000E+01);
i.1903.2.0; l-C3H3+ C2H4  -> C5H7+ ; IN ; logn(0.1100E-08,1.5000E+00) ; dirg(0.5000E+00,0.1000E+01);
i.1904.1.0; l-C3H3+ C4H2  -> c-C3H3+ C4H2 ; IN ; logn(0.1400E-08,1.5000E+00) ; dirg(0.2400E+00,0.7200E-01);
i.1904.2.0; l-C3H3+ C4H2  -> C5H3+ C2H2 ; IN ; logn(0.1400E-08,1.5000E+00) ; dirg(0.7600E+00,0.2280E+00);
i.1905.1.0; l-C3H3+ CH3CN  -> CxHyNz+ dummy ; IN ; logn(0.1600E-09,1.2000E+00) ; dirg(0.1000E+01,0.3000E+00);
i.1906.1.0; l-C3H3+ HC3N  -> CxHyNz+ dummy ; IN ; logn(0.9000E-09,1.6000E+00) ; dirg(0.1000E+01,0.3000E+00);
i.1907.1.0; l-C3H3+ CH3OH  -> CH2OH+ CH3C2H ; IN ; logn(0.3400E-09,1.6000E+00) ; dirg(0.5000E+00,0.5000E+00);
i.1907.2.0; l-C3H3+ CH3OH  -> CH2OH+ CH2CCH2 ; IN ; logn(0.3400E-09,1.6000E+00) ; dirg(0.5000E+00,0.5000E+00);
i.1908.1.0; l-C3H3+ NH3  -> NH4+ C3H2 ; IN ; logn(0.3000E-09,1.2000E+00) ; dirg(0.6000E+00,0.1800E+00);
i.1908.2.0; l-C3H3+ NH3  -> HCNH+ C2H4 ; IN ; logn(0.3000E-09,1.2000E+00) ; dirg(0.4000E+00,0.1200E+00);
i.2001.1.0; C3H4+ H  -> c-C3H3+ H2 ; IN ; logn(0.3000E-10,1.6000E+00) ; dirg(0.1000E+01,0.3000E+00);
i.2002.1.0; C3H4+ C2H2  -> C5H5+ H ; IN ; logn(0.4900E-09,1.1000E+00) ; dirg(0.1000E+01,0.3000E+00);
i.2003.1.0; C3H4+ CH3C2H  -> C3H5+ C3H3 ; IN ; logn(0.1100E-08,1.2000E+00) ; dirg(0.1800E+00,0.5400E-01);
i.2003.2.0; C3H4+ CH3C2H  -> C4H4+ C2H4 ; IN ; logn(0.1100E-08,1.2000E+00) ; dirg(0.2000E-01,0.2000E-01);
i.2003.3.0; C3H4+ CH3C2H  -> C4H6+ C2H2 ; IN ; logn(0.1100E-08,1.2000E+00) ; dirg(0.2000E-01,0.2000E-01);
i.2003.4.0; C3H4+ CH3C2H  -> C5H5+ CH3 ; IN ; logn(0.1100E-08,1.2000E+00) ; dirg(0.2000E-01,0.2000E-01);
i.2003.5.0; C3H4+ CH3C2H  -> C6H5+ H2 H ; IN ; logn(0.1100E-08,1.2000E+00) ; dirg(0.8000E-01,0.8000E-01);
i.2003.6.0; C3H4+ CH3C2H  -> C6H7+ H ; IN ; logn(0.1100E-08,1.2000E+00) ; dirg(0.6800E+00,0.2040E+00);
i.2005.1.0; C3H4+ CH2CCH2  -> C3H5+ C3H3 ; IN ; logn(0.1100E-08,1.2000E+00) ; dirg(0.1800E+00,0.5400E-01);
i.2005.2.0; C3H4+ CH2CCH2  -> C4H4+ C2H4 ; IN ; logn(0.1100E-08,1.2000E+00) ; dirg(0.2000E-01,0.2000E-01);
i.2005.3.0; C3H4+ CH2CCH2  -> C4H6+ C2H2 ; IN ; logn(0.1100E-08,1.2000E+00) ; dirg(0.2000E-01,0.2000E-01);
i.2005.4.0; C3H4+ CH2CCH2  -> C5H5+ CH3 ; IN ; logn(0.1100E-08,1.2000E+00) ; dirg(0.2000E-01,0.2000E-01);
i.2005.5.0; C3H4+ CH2CCH2  -> C6H5+ H2 H ; IN ; logn(0.1100E-08,1.2000E+00) ; dirg(0.8000E-01,0.8000E-01);
i.2005.6.0; C3H4+ CH2CCH2  -> C6H7+ H ; IN ; logn(0.1100E-08,1.2000E+00) ; dirg(0.6800E+00,0.2040E+00);
i.2004.1.1; C3H4+ NH3  -> NH3+ CH3C2H ; IN ; logn(0.1500E-08,1.2000E+00) ; dirg(0.1400E+00,0.4200E-01) ; diun(1)
i.2004.2.1; C3H4+ NH3  -> NH3+ CH2CCH2 ; IN ; logn(0.1500E-08,1.2000E+00) ; dirg(0.1400E+00,0.4200E-01) ; diun(1)
i.2004.3.0; C3H4+ NH3  -> NH4+ C3H3 ; IN ; logn(0.1500E-08,1.2000E+00) ; dirg(0.8600E+00,0.2580E+00);
i.2101.1.0; C3H5+ H  -> C2H2+ CH4 ; IN ; logn(0.1000E-10,1.6000E+00) ; dirg(0.5000E-01,0.5000E-01);
i.2101.2.0; C3H5+ H  -> C2H3+ CH3 ; IN ; logn(0.1000E-10,1.6000E+00) ; dirg(0.9500E+00,0.2850E+00);
i.2102.1.0; C3H5+ C2H2  -> C5H5+ H2 ; IN ; logn(0.3800E-09,1.1000E+00) ; dirg(0.1000E+01,0.3000E+00);
i.2103.1.0; C3H5+ C2H4  -> C5H7+ H2 ; IN ; logn(0.1700E-09,1.1000E+00) ; dirg(0.7000E+00,0.2100E+00);
i.2103.2.0; C3H5+ C2H4  -> C5H9+ ; IN ; logn(0.1700E-09,1.1000E+00) ; dirg(0.3000E+00,0.9000E-01);
i.2104.1.0; C3H5+ N4S  -> C2H4+ HCN ; IN ; logn(0.1250E-09,1.2000E+00) ; dirg(0.8800E+00,0.2640E+00);
i.2104.2.0; C3H5+ N4S  -> CH2CHCNH+ H2 ; IN ; logn(0.1250E-09,1.2000E+00) ; dirg(0.1200E+00,0.3600E-01);
i.2105.1.0; C3H5+ HCN  -> C4H6N+ ; IN ; logn(0.5000E-10,1.6000E+00) ; dirg(0.1000E+01,0.3000E+00);
i.2106.1.0; C3H5+ CH3CN  -> CH2CHCNH+ CH3C2H ; IN ; logn(0.1000E-09,1.6000E+00) ; dirg(0.5000E+00,0.5000E+00);
i.2106.2.0; C3H5+ CH3CN  -> CH2CHCNH+ CH2CCH2 ; IN ; logn(0.1000E-09,1.6000E+00) ; dirg(0.5000E+00,0.5000E+00);
i.2107.1.0; C3H5+ HC3N  -> CHCCNH+ CH3C2H ; IN ; logn(0.1000E-09,1.6000E+00) ; dirg(0.5000E+00,0.5000E+00);
i.2107.2.0; C3H5+ HC3N  -> CHCCNH+ CH2CCH2 ; IN ; logn(0.1000E-09,1.6000E+00) ; dirg(0.5000E+00,0.5000E+00);
i.2108.1.0; C3H5+ CH2NH  -> CH2NH2+ CH3C2H ; IN ; logn(0.1380E-08,1.5800E+00) ; dirg(0.5000E+00,0.5000E+00);
i.2108.2.0; C3H5+ CH2NH  -> CH2NH2+ CH2CCH2 ; IN ; logn(0.1380E-08,1.5800E+00) ; dirg(0.5000E+00,0.5000E+00);
i.2109.1.1; C3H5+ CH3NH2  -> CH3NH3+ CH3C2H ; IN ; logn(0.1280E-08,1.5800E+00) ; dirg(0.6200E+00,0.1860E+00) ; diun(1)
i.2109.2.1; C3H5+ CH3NH2  -> CH3NH3+ CH2CCH2 ; IN ; logn(0.1280E-08,1.5800E+00) ; dirg(0.6200E+00,0.1860E+00) ; diun(1)
i.2109.3.0; C3H5+ CH3NH2  -> CH2NH2+ C3H6 ; IN ; logn(0.1280E-08,1.5800E+00) ; dirg(0.3800E+00,0.1140E+00);
i.2110.1.0; C3H5+ NH3  -> NH4+ CH3C2H ; IN ; logn(0.9000E-09,1.2000E+00) ; dirg(0.5000E+00,0.5000E+00);
i.2110.2.0; C3H5+ NH3  -> NH4+ CH2CCH2 ; IN ; logn(0.9000E-09,1.2000E+00) ; dirg(0.5000E+00,0.5000E+00);
i.2201.1.0; C3H6+ C3H6  -> C3H7+ C3H5 ; IN ; logn(0.1400E-08,1.1000E+00) ; dirg(0.1500E+00,0.4500E-01);
i.2201.2.0; C3H6+ C3H6  -> C4H7+ C2H5 ; IN ; logn(0.1400E-08,1.1000E+00) ; dirg(0.2000E+00,0.6000E-01);
i.2201.3.0; C3H6+ C3H6  -> C4H8+ C2H4 ; IN ; logn(0.1400E-08,1.1000E+00) ; dirg(0.3500E+00,0.1050E+00);
i.2201.4.0; C3H6+ C3H6  -> C5H9+ CH3 ; IN ; logn(0.1400E-08,1.1000E+00) ; dirg(0.3000E+00,0.9000E-01);
i.2202.1.0; C3H6+ HCN  -> CH3CN+ C2H4 ; IN ; logn(0.4000E-09,1.1000E+00) ; dirg(0.4000E+00,0.1200E+00);
i.2202.2.0; C3H6+ HCN  -> C4H6N+ H ; IN ; logn(0.4000E-09,1.1000E+00) ; dirg(0.6000E+00,0.1800E+00);
i.2203.1.0; C3H6+ NH3  -> CH2NH2+ C2H5 ; IN ; logn(0.1000E-08,1.9000E+00) ; dirg(0.3333E+00,0.1000E+01);
i.2203.2.0; C3H6+ NH3  -> CH3NH2+ C2H4 ; IN ; logn(0.1000E-08,1.9000E+00) ; dirg(0.3333E+00,0.1000E+01);
i.2203.3.0; C3H6+ NH3  -> NH4+ C3H5 ; IN ; logn(0.1000E-08,1.9000E+00) ; dirg(0.3334E+00,0.1000E+01);
i.2301.1.0; C3H7+ H  -> C3H6+ H2 ; IN ; logn(0.3700E-10,1.6000E+00) ; dirg(0.1000E+01,0.3000E+00);
i.2302.1.0; C3H7+ NH3  -> NH4+ C3H6 ; IN ; logn(0.1900E-08,1.2000E+00) ; dirg(0.1000E+01,0.3000E+00);
i.2401.1.0; C4H2+ C2H2  -> C6H3+ H ; IN ; logn(0.2800E-09,1.6500E+00) ; dirg(0.5000E-01,0.5000E-01);
i.2401.2.0; C4H2+ C2H2  -> C6H4+ ; IN ; logn(0.2800E-09,1.6500E+00) ; dirg(0.9500E+00,0.2850E+00);
i.2402.1.0; C4H2+ CH3C2H  -> C5H4+ C2H2 ; IN ; logn(0.5000E-09,1.6000E+00) ; dirg(0.1000E+00,0.1000E+00);
i.2402.2.0; C4H2+ CH3C2H  -> C7H5+ H ; IN ; logn(0.5000E-09,1.6000E+00) ; dirg(0.9000E+00,0.2700E+00);
i.2406.1.0; C4H2+ CH2CCH2  -> C5H4+ C2H2 ; IN ; logn(0.5000E-09,1.6000E+00) ; dirg(0.1000E+00,0.1000E+00);
i.2406.2.0; C4H2+ CH2CCH2  -> C7H5+ H ; IN ; logn(0.5000E-09,1.6000E+00) ; dirg(0.9000E+00,0.2700E+00);
i.2403.1.0; C4H2+ C4H2  -> C6H2+ C2H2 ; IN ; logn(0.1400E-08,1.2000E+00) ; dirg(0.8200E+00,0.2460E+00);
i.2403.2.0; C4H2+ C4H2  -> C8H2+ H2 ; IN ; logn(0.1400E-08,1.2000E+00) ; dirg(0.1700E+00,0.5100E-01);
i.2403.3.0; C4H2+ C4H2  -> C8H3+ H ; IN ; logn(0.1400E-08,1.2000E+00) ; dirg(0.1000E-01,0.1000E-01);
i.2404.1.0; C4H2+ HC3N  -> C7H3N+ ; IN ; logn(0.1700E-08,1.2000E+00) ; dirg(0.1000E+01,0.3000E+00);
i.2405.1.0; C4H2+ C2N2  -> CxHyNz+ dummy ; IN ; logn(0.2000E-09,1.1000E+00) ; dirg(0.1000E+01,0.3000E+00);
i.2501.1.0; C4H3+ C2H2  -> C6H5+ ; IN ; logn(0.2200E-09,1.1000E+00) ; dirg(0.1000E+01,0.3000E+00);
i.2502.1.0; C4H3+ CH3C2H  -> C5H5+ C2H2 ; IN ; logn(0.5000E-09,1.6000E+00) ; dirg(0.9600E+00,0.2880E+00);
i.2502.2.0; C4H3+ CH3C2H  -> C6H5+ 1CH2 ; IN ; logn(0.5000E-09,1.6000E+00) ; dirg(0.4000E-01,0.4000E-01);
i.2508.1.0; C4H3+ CH2CCH2  -> C5H5+ C2H2 ; IN ; logn(0.5000E-09,1.6000E+00) ; dirg(0.9600E+00,0.2880E+00);
i.2508.2.0; C4H3+ CH2CCH2  -> C6H5+ 1CH2 ; IN ; logn(0.5000E-09,1.6000E+00) ; dirg(0.4000E-01,0.4000E-01);
i.2503.1.0; C4H3+ C4H2  -> C6H3+ C2H2 ; IN ; logn(0.7400E-09,1.2000E+00) ; dirg(0.1000E+01,0.3000E+00);
i.2504.1.0; C4H3+ C2N2  -> CxHyNz+ dummy ; IN ; logn(0.1900E-09,1.1000E+00) ; dirg(0.1000E+01,0.3000E+00);
i.2505.1.0; C4H3+ NH3  -> NH4+ C4H2 ; IN ; logn(0.9900E-09,1.9000E+00) ; dirg(0.1000E+01,0.3000E+00);
i.2506.1.0; C4H3+ CH2NH  -> CH2NH2+ C4H2 ; IN ; logn(0.5010E-08,1.5800E+00) ; dirg(0.1000E+01,0.3000E+00);
i.2507.1.0; C4H3+ CH3NH2  -> CH3NH3+ C4H2 ; IN ; logn(0.1760E-08,1.5800E+00) ; dirg(0.7400E+00,0.2220E+00);
i.2507.2.0; C4H3+ CH3NH2  -> CH2NH2+ C4H2 H2 ; IN ; logn(0.1760E-08,1.5800E+00) ; dirg(0.2600E+00,0.7800E-01);
i.2601.1.0; C4H5+ CH3C2H  -> C6H5+ CH4 ; IN ; logn(0.5000E-09,1.6000E+00) ; dirg(0.4000E+00,0.1200E+00);
i.2601.2.0; C4H5+ CH3C2H  -> C7H7+ H2 ; IN ; logn(0.5000E-09,1.6000E+00) ; dirg(0.6000E+00,0.1800E+00);
i.2604.1.0; C4H5+ CH2CCH2  -> C6H5+ CH4 ; IN ; logn(0.5000E-09,1.6000E+00) ; dirg(0.4000E+00,0.1200E+00);
i.2604.2.0; C4H5+ CH2CCH2  -> C7H7+ H2 ; IN ; logn(0.5000E-09,1.6000E+00) ; dirg(0.6000E+00,0.1800E+00);
i.2602.1.0; C4H5+ C4H2  -> C6H5+ C2H2 ; IN ; logn(0.5000E-09,1.6000E+00) ; dirg(0.1000E+01,0.3000E+00);
i.2603.1.0; C4H5+ NH3  -> NH4+ C4H4 ; IN ; logn(0.4700E-09,1.9000E+00) ; dirg(0.1000E+01,0.3000E+00);
i.2701.1.0; C5H5+ C2H2  -> C7H7+ ; IN ; logn(0.3100E-10,1.4000E+00) ; dirg(0.1000E+01,0.3000E+00);
i.2702.1.0; C5H5+ CH3C2H  -> C6H7+ C2H2 ; IN ; logn(0.5000E-09,1.6000E+00) ; dirg(0.5600E+00,0.1680E+00);
i.2702.2.0; C5H5+ CH3C2H  -> C8H7+ H2 ; IN ; logn(0.5000E-09,1.6000E+00) ; dirg(0.4400E+00,0.1320E+00);
i.2707.1.0; C5H5+ CH2CCH2  -> C6H7+ C2H2 ; IN ; logn(0.5000E-09,1.6000E+00) ; dirg(0.5600E+00,0.1680E+00);
i.2707.2.0; C5H5+ CH2CCH2  -> C8H7+ H2 ; IN ; logn(0.5000E-09,1.6000E+00) ; dirg(0.4400E+00,0.1320E+00);
i.2703.1.0; C5H5+ C4H2  -> C7H5+ C2H2 ; IN ; logn(0.2200E-09,1.4000E+00) ; dirg(0.3333E+00,0.1000E+01);
i.2703.2.0; C5H5+ C4H2  -> C7H7+ C2 ; IN ; logn(0.2200E-09,1.4000E+00) ; dirg(0.3333E+00,0.1000E+01);
i.2703.3.0; C5H5+ C4H2  -> C9H7+ ; IN ; logn(0.2200E-09,1.4000E+00) ; dirg(0.3334E+00,0.1000E+01);
i.2704.1.0; C5H5+ NH3  -> NH4+ C5H4 ; IN ; logn(0.3500E-10,1.9000E+00) ; dirg(0.1000E+01,0.3000E+00);
i.2705.1.0; C5H5+ CH2NH  -> CH2NH2+ C5H4 ; IN ; logn(0.3200E-09,1.3000E+00) ; dirg(0.1000E+01,0.3000E+00);
i.2706.1.0; C5H5+ CH3NH2  -> CH3NH3+ C5H4 ; IN ; logn(0.2390E-09,1.3000E+00) ; dirg(0.8700E+00,0.2610E+00);
i.2706.2.0; C5H5+ CH3NH2  -> CH2NH2+ C5H4 H2 ; IN ; logn(0.2390E-09,1.3000E+00) ; dirg(0.1300E+00,0.3900E-01);
i.2801.1.0; C6H4+ H  -> C6H5+ ; IN ; logn(0.3300E-10,1.6000E+00) ; dirg(0.1000E+01,0.3000E+00);
i.2901.1.0; C6H5+ CH4  -> C7H7+ H2 ; IN ; logn(0.7500E-10,1.3000E+00) ; dirg(0.1000E+01,0.3000E+00);
i.2902.1.0; C6H5+ C2H2  -> C8H6+ H ; IN ; logn(0.1300E-09,1.3000E+00) ; dirg(0.6000E+00,0.1800E+00);
i.2902.2.0; C6H5+ C2H2  -> C8H7+ ; IN ; logn(0.1300E-09,1.3000E+00) ; dirg(0.4000E+00,0.1200E+00);
i.2903.1.0; C6H5+ C2H4  -> C6H7+ C2H2 ; IN ; logn(0.1700E-09,1.3000E+00) ; dirg(0.5000E+00,0.1000E+01);
i.2903.2.0; C6H5+ C2H4  -> C8H7+ H2 ; IN ; logn(0.1700E-09,1.3000E+00) ; dirg(0.5000E+00,0.1000E+01);
i.2904.1.0; C6H5+ C2H6  -> C6H7+ C2H4 ; IN ; logn(0.1300E-09,1.3000E+00) ; dirg(0.9700E+00,0.2910E+00);
i.2904.2.0; C6H5+ C2H6  -> C7H7+ CH4 ; IN ; logn(0.1300E-09,1.3000E+00) ; dirg(0.3000E-01,0.3000E-01);
i.2905.1.0; C6H5+ CH3C2H  -> C7H7+ C2H2 ; IN ; logn(0.2300E-09,1.3000E+00) ; dirg(0.1800E+00,0.5400E-01);
i.2905.2.0; C6H5+ CH3C2H  -> C9H7+ H2 ; IN ; logn(0.2300E-09,1.3000E+00) ; dirg(0.7800E+00,0.2340E+00);
i.2905.3.0; C6H5+ CH3C2H  -> C9H8+ H ; IN ; logn(0.2300E-09,1.3000E+00) ; dirg(0.4000E-01,0.4000E-01);
i.2908.1.0; C6H5+ CH2CCH2  -> C7H7+ C2H2 ; IN ; logn(0.2300E-09,1.3000E+00) ; dirg(0.1800E+00,0.5400E-01);
i.2908.2.0; C6H5+ CH2CCH2  -> C9H7+ H2 ; IN ; logn(0.2300E-09,1.3000E+00) ; dirg(0.7800E+00,0.2340E+00);
i.2908.3.0; C6H5+ CH2CCH2  -> C9H8+ H ; IN ; logn(0.2300E-09,1.3000E+00) ; dirg(0.4000E-01,0.4000E-01);
i.2906.1.0; C6H5+ C3H6  -> C7H7+ C2H4 ; IN ; logn(0.3400E-09,1.3000E+00) ; dirg(0.1000E+01,0.3000E+00);
i.2907.1.0; C6H5+ NH3  -> NH4+ C6H4 ; IN ; logn(0.2080E-09,1.2000E+00) ; dirg(0.3600E+00,0.1080E+00);
i.2907.2.0; C6H5+ NH3  -> C6H7N+ H ; IN ; logn(0.2080E-09,1.2000E+00) ; dirg(0.2300E+00,0.6900E-01);
i.2907.3.0; C6H5+ NH3  -> C6H8N+ ; IN ; logn(0.2080E-09,1.2000E+00) ; dirg(0.4100E+00,0.1230E+00);
i.3001.1.0; C6H7+ CH3C2H  -> C7H7+ C2H4 ; IN ; logn(0.5000E-09,1.6000E+00) ; dirg(0.1000E+01,0.3000E+00);
i.3003.1.0; C6H7+ CH2CCH2  -> C7H7+ C2H4 ; IN ; logn(0.5000E-09,1.6000E+00) ; dirg(0.1000E+01,0.3000E+00);
i.3002.1.0; C6H7+ NH3  -> NH4+ C6H6 ; IN ; logn(0.2200E-09,1.2000E+00) ; dirg(0.1000E+01,0.3000E+00);
i.3101.1.0; C7H7+ CH3C2H  -> C9H8+ CH3 ; IN ; logn(0.5000E-09,1.6000E+00) ; dirg(0.1000E+00,0.1000E+00);
i.3101.2.0; C7H7+ CH3C2H  -> C10H9+ H2 ; IN ; logn(0.5000E-09,1.6000E+00) ; dirg(0.4200E+00,0.1260E+00);
i.3101.3.0; C7H7+ CH3C2H  -> C10H11+ ; IN ; logn(0.5000E-09,1.6000E+00) ; dirg(0.4800E+00,0.1440E+00);
i.3104.1.0; C7H7+ CH2CCH2  -> C9H8+ CH3 ; IN ; logn(0.5000E-09,1.6000E+00) ; dirg(0.1000E+00,0.1000E+00);
i.3104.2.0; C7H7+ CH2CCH2  -> C10H9+ H2 ; IN ; logn(0.5000E-09,1.6000E+00) ; dirg(0.4200E+00,0.1260E+00);
i.3104.3.0; C7H7+ CH2CCH2  -> C10H11+ ; IN ; logn(0.5000E-09,1.6000E+00) ; dirg(0.4800E+00,0.1440E+00);
i.3102.1.0; C7H7+ C4H2  -> C11H9+ ; IN ; logn(0.5000E-09,1.6000E+00) ; dirg(0.1000E+01,0.3000E+00);
i.3103.1.0; C7H7+ CH2NH  -> CH2NH2+ C4H2 ; IN ; logn(0.3400E-10,1.3000E+00) ; dirg(0.1000E+01,0.3000E+00);
i.3201.1.0; N(3P)+ H2  -> NH+ H ; IN ; logn(0.3800E-09,1.1000E+00) ; dirg(0.1000E+01,0.3000E+00);
i.3202.1.0; N(3P)+ CH4  -> CH3+ NH ; IN ; logn(0.1150E-08,1.3500E+00) ; dirg(0.5300E+00,0.1590E+00);
i.3202.2.0; N(3P)+ CH4  -> CH4+ N4S ; IN ; logn(0.1150E-08,1.3500E+00) ; dirg(0.5000E-01,0.5000E-01);
i.3202.3.0; N(3P)+ CH4  -> HCN+ H2 H ; IN ; logn(0.1150E-08,1.3500E+00) ; dirg(0.1000E+00,0.1000E+00);
i.3202.4.0; N(3P)+ CH4  -> HCNH+ H2 ; IN ; logn(0.1150E-08,1.3500E+00) ; dirg(0.3200E+00,0.9600E-01);
i.3203.1.0; N(3P)+ C2H2  -> C2H2+ N4S ; IN ; logn(0.1500E-08,1.2000E+00) ; dirg(0.7000E+00,0.2100E+00);
i.3203.2.0; N(3P)+ C2H2  -> CNC+ H2 ; IN ; logn(0.1500E-08,1.2000E+00) ; dirg(0.1500E+00,0.4500E-01);
i.3203.3.0; N(3P)+ C2H2  -> C2HN+ H ; IN ; logn(0.1500E-08,1.2000E+00) ; dirg(0.1500E+00,0.4500E-01);
i.3204.1.0; N(3P)+ C2H4  -> C2H2+ NH2 ; IN ; logn(0.1450E-08,1.2000E+00) ; dirg(0.1200E+00,0.3600E-01);
i.3204.2.0; N(3P)+ C2H4  -> C2H3+ NH ; IN ; logn(0.1450E-08,1.2400E+00) ; dirg(0.3200E+00,0.9600E-01);
i.3204.3.0; N(3P)+ C2H4  -> C2H4+ N4S ; IN ; logn(0.1450E-08,1.2400E+00) ; dirg(0.3800E+00,0.1140E+00);
i.3204.4.0; N(3P)+ C2H4  -> HCN+ CH3 ; IN ; logn(0.1450E-08,1.2400E+00) ; dirg(0.1000E-01,0.1000E-01);
i.3204.5.0; N(3P)+ C2H4  -> HCNH+ 1CH2 ; IN ; logn(0.1450E-08,1.2400E+00) ; dirg(0.1000E+00,0.1000E+00);
i.3204.6.0; N(3P)+ C2H4  -> C2HN+ H2 H ; IN ; logn(0.1450E-08,1.2400E+00) ; dirg(0.2000E-01,0.2000E-01);
i.3204.7.0; N(3P)+ C2H4  -> C2H2N+ H2 ; IN ; logn(0.1450E-08,1.2400E+00) ; dirg(0.5000E-01,0.5000E-01);
i.3205.1.0; N(3P)+ C2H6  -> C2H5+ NH ; IN ; logn(0.1000E-08,1.9000E+00) ; dirg(0.1000E+00,0.1000E+00);
i.3205.2.0; N(3P)+ C2H6  -> C2H4+ NH2 ; IN ; logn(0.1000E-08,1.9000E+00) ; dirg(0.5500E+00,0.5500E-01);
i.3205.3.0; N(3P)+ C2H6  -> C2H3+ NH3 ; IN ; logn(0.1000E-08,1.9000E+00) ; dirg(0.2500E+00,0.2500E-01);
i.3205.4.0; N(3P)+ C2H6  -> HCNH+ CH4 ; IN ; logn(0.1000E-08,1.9000E+00) ; dirg(0.1000E+00,0.1000E+00);
i.3206.1.0; N(3P)+ H2O  -> H2O+ N4S ; IN ; logn(0.2700E-08,1.2000E+00) ; dirg(0.1000E+01,0.3000E+00);
i.3207.1.0; N(3P)+ HCN  -> HCN+ N4S ; IN ; logn(0.3700E-09,1.2000E+00) ; dirg(0.6500E+00,0.1950E+00);
i.3207.2.0; N(3P)+ HCN  -> CH+ N2 ; IN ; logn(0.3700E-09,1.2000E+00) ; dirg(0.3500E+00,0.1050E+00);
i.3208.1.0; N(3P)+ C2N2  -> CNC+ N2 ; IN ; logn(0.1700E-08,1.3000E+00) ; dirg(0.2000E+00,0.6000E-01);
i.3208.2.0; N(3P)+ C2N2  -> C2N2+ N4S ; IN ; logn(0.1700E-08,1.3000E+00) ; dirg(0.8000E+00,0.2400E+00);
i.3209.1.0; N(3P)+ HC3N  -> C3H+ N2 ; IN ; logn(0.4200E-08,1.2000E+00) ; dirg(0.3800E+00,0.1140E+00);
i.3209.2.0; N(3P)+ HC3N  -> CHCCN+ N4S ; IN ; logn(0.4200E-08,1.2000E+00) ; dirg(0.6200E+00,0.1860E+00);
i.3210.1.0; N(3P)+ CO  -> C+ NO ; IN ; logn(0.5600E-09,1.2500E+00) ; dirg(0.1000E-01,0.1000E-01);
i.3210.2.0; N(3P)+ CO  -> CO+ N4S ; IN ; logn(0.5600E-09,1.2500E+00) ; dirg(0.8800E+00,0.2640E+00);
i.3210.3.0; N(3P)+ CO  -> NO+ C ; IN ; logn(0.5600E-09,1.2500E+00) ; dirg(0.1100E+00,0.3300E-01);
i.3211.1.0; N(3P)+ NH3  -> NH2+ NH ; IN ; logn(0.2350E-08,1.2000E+00) ; dirg(0.2000E+00,0.6000E-01);
i.3211.2.0; N(3P)+ NH3  -> NH3+ N4S ; IN ; logn(0.2350E-08,1.2000E+00) ; dirg(0.7100E+00,0.2130E+00);
i.3211.3.0; N(3P)+ NH3  -> N2H+ H2 ; IN ; logn(0.2350E-08,1.2000E+00) ; dirg(0.9000E-01,0.9000E-01);
i.3212.1.0; N(3P)+ N2  -> N(3P)+ N2 ; IN ; logn(0.2550E-09,1.4000E+00) ; dirg(0.1000E+01,0.3000E+00);
i.3301.1.0; NH+ H2  -> H3+ N4S ; IN ; logn(0.1230E-08,1.3000E+00) ; dirg(0.1500E+00,0.4500E-01);
i.3301.2.0; NH+ H2  -> NH2+ H ; IN ; logn(0.1230E-08,1.3000E+00) ; dirg(0.8500E+00,0.2550E+00);
i.3302.1.0; NH+ CH4  -> CH5+ N4S ; IN ; logn(0.9600E-09,1.2000E+00) ; dirg(0.1000E+00,0.1000E+00);
i.3302.2.0; NH+ CH4  -> NH2+ CH3 ; IN ; logn(0.9600E-09,1.2000E+00) ; dirg(0.2000E+00,0.6000E-01);
i.3302.3.0; NH+ CH4  -> HCNH+ H2 H ; IN ; logn(0.9600E-09,1.2000E+00) ; dirg(0.7000E+00,0.2100E+00);
i.3303.1.0; NH+ C2H4  -> C2H2+ NH3 ; IN ; logn(0.1500E-08,1.2000E+00) ; dirg(0.1000E+00,0.1000E+00);
i.3303.2.0; NH+ C2H4  -> C2H3+ NH2 ; IN ; logn(0.1500E-08,1.2000E+00) ; dirg(0.2500E+00,0.7500E-01);
i.3303.3.0; NH+ C2H4  -> C2H4+ NH ; IN ; logn(0.1500E-08,1.2000E+00) ; dirg(0.2500E+00,0.7500E-01);
i.3303.4.0; NH+ C2H4  -> HCNH+ CH3 ; IN ; logn(0.1500E-08,1.2000E+00) ; dirg(0.2000E+00,0.6000E-01);
i.3303.5.0; NH+ C2H4  -> CH3N+ 1CH2 ; IN ; logn(0.1500E-08,1.2000E+00) ; dirg(0.1000E+00,0.1000E+00);
i.3303.6.0; NH+ C2H4  -> CH3CN+ H2 ; IN ; logn(0.1500E-08,1.2000E+00) ; dirg(0.1000E+00,0.1000E+00);
i.3304.1.0; NH+ N2  -> N2H+ N4S ; IN ; logn(0.6500E-09,1.2000E+00) ; dirg(0.1000E+01,0.3000E+00);
i.3305.1.0; NH+ H2O  -> NH2+ OH ; IN ; logn(0.3500E-08,1.2000E+00) ; dirg(0.2500E+00,0.7500E-01);
i.3305.2.0; NH+ H2O  -> NH3+ O3P ; IN ; logn(0.3500E-08,1.2000E+00) ; dirg(0.5000E-01,0.5000E-01);
i.3305.3.0; NH+ H2O  -> H2O+ NH ; IN ; logn(0.3500E-08,1.2000E+00) ; dirg(0.3000E+00,0.9000E-01);
i.3305.4.0; NH+ H2O  -> H3O+ N4S ; IN ; logn(0.3500E-08,1.2000E+00) ; dirg(0.3000E+00,0.9000E-01);
i.3305.5.0; NH+ H2O  -> HNO+ H2 ; IN ; logn(0.3500E-08,1.2000E+00) ; dirg(0.1000E+00,0.1000E+00);
i.3306.1.0; NH+ CO  -> HCO+ N4S ; IN ; logn(0.9800E-09,1.2000E+00) ; dirg(0.4500E+00,0.1350E+00);
i.3306.2.0; NH+ CO  -> NCO+ H ; IN ; logn(0.9800E-09,1.2000E+00) ; dirg(0.5500E+00,0.1650E+00);
i.3307.1.0; NH+ NH3  -> NH3+ NH ; IN ; logn(0.2400E-08,1.2000E+00) ; dirg(0.7500E+00,0.2250E+00);
i.3307.2.0; NH+ NH3  -> NH4+ N4S ; IN ; logn(0.2400E-08,1.2000E+00) ; dirg(0.2500E+00,0.7500E-01);
i.3401.1.0; NH2+ H2  -> NH3+ H ; IN ; logn(0.1950E-09,1.5000E+00) ; dirg(0.1000E+01,0.3000E+00);
i.3402.1.0; NH2+ CH4  -> NH3+ CH3 ; IN ; logn(0.9200E-09,1.2000E+00) ; dirg(0.1000E+01,0.3000E+00);
i.3403.1.0; NH2+ C2H4  -> C2H4+ NH2 ; IN ; logn(0.1500E-08,1.2000E+00) ; dirg(0.3000E+00,0.9000E-01);
i.3403.2.0; NH2+ C2H4  -> C2H5+ NH ; IN ; logn(0.1500E-08,1.2000E+00) ; dirg(0.2000E+00,0.6000E-01);
i.3403.3.0; NH2+ C2H4  -> CH2NH2+ 1CH2 ; IN ; logn(0.1500E-08,1.2000E+00) ; dirg(0.3000E+00,0.9000E-01);
i.3403.4.0; NH2+ C2H4  -> C2H5N+ H ; IN ; logn(0.1500E-08,1.2000E+00) ; dirg(0.2000E+00,0.6000E-01);
i.3404.1.0; NH2+ H2O  -> NH3+ OH ; IN ; logn(0.2900E-08,1.2000E+00) ; dirg(0.3000E-01,0.3000E-01);
i.3404.2.0; NH2+ H2O  -> NH4+ O3P ; IN ; logn(0.2900E-08,1.2000E+00) ; dirg(0.4000E-01,0.4000E-01);
i.3404.3.0; NH2+ H2O  -> H3O+ NH ; IN ; logn(0.2900E-08,1.2000E+00) ; dirg(0.9300E+00,0.2790E+00);
i.3405.1.0; NH2+ NH3  -> NH3+ NH2 ; IN ; logn(0.2300E-08,1.1000E+00) ; dirg(0.5000E+00,0.1500E+00);
i.3405.2.0; NH2+ NH3  -> NH4+ NH ; IN ; logn(0.2300E-08,1.1000E+00) ; dirg(0.5000E+00,0.1500E+00);
i.3501.1.0; NH3+ H2  -> NH4+ H ; IN ; logn(0.4400E-12,1.2000E+00) ; diun(1);
i.3502.1.0; NH3+ CH4  -> NH4+ CH3 ; IN ; logn(0.4800E-09,1.2000E+00) ; diun(1);
i.3503.1.0; NH3+ C2H4  -> NH4+ C2H3 ; IN ; logn(0.1400E-08,1.2000E+00) ; diun(1);
i.3504.1.0; NH3+ NH3  -> NH4+ NH2 ; IN ; logn(0.2100E-08,1.1200E+00) ; diun(1);
i.3505.1.0; NH3+ H2O  -> NH4+ OH ; IN ; logn(0.2500E-09,1.3000E+00) ; diun(1);
i.3601.1.0; N2+ H2  -> N2H+ H ; IN ; logn(0.1700E-08,1.2500E+00) ; dirg(0.1000E+01,0.3000E+00);
i.3602.1.0; N2+ CH4  -> CH2+ H2 N2 ; IN ; logn(0.1140E-08,1.1500E+00) ; dirg(0.8000E-01,0.8000E-01);
i.3602.2.0; N2+ CH4  -> CH3+ H N2 ; IN ; logn(0.1140E-08,1.1500E+00) ; dirg(0.8900E+00,0.2670E+00);
i.3602.3.0; N2+ CH4  -> N2H+ CH3 ; IN ; logn(0.1140E-08,1.1500E+00) ; dirg(0.3000E-01,0.3000E-01);
i.3603.1.0; N2+ C2H2  -> C2H2+ N2 ; IN ; logn(0.4600E-09,1.2500E+00) ; dirg(0.1000E+01,0.3000E+00);
i.3604.1.0; N2+ C2H4  -> C2H3+ H N2 ; IN ; logn(0.1300E-08,1.1500E+00) ; dirg(0.6300E+00,0.1890E+00);
i.3604.2.0; N2+ C2H4  -> C2H2+ H2 N2 ; IN ; logn(0.1300E-08,1.1500E+00) ; dirg(0.2500E+00,0.7500E-01);
i.3604.3.0; N2+ C2H4  -> N2H+ C2H3 ; IN ; logn(0.1300E-08,1.1500E+00) ; dirg(0.1200E+00,0.3600E-01);
i.3605.1.0; N2+ C2H6  -> C2H5+ N2 H ; IN ; logn(0.1400E-08,1.3500E+00) ; dirg(0.1400E+00,0.4200E-01);
i.3605.2.0; N2+ C2H6  -> C2H4+ N2 H2 ; IN ; logn(0.1400E-08,1.3500E+00) ; dirg(0.2700E+00,0.8100E-01);
i.3605.3.0; N2+ C2H6  -> C2H3+ N2 H2 H ; IN ; logn(0.1400E-08,1.3500E+00) ; dirg(0.3200E+00,0.9600E-01);
i.3605.4.0; N2+ C2H6  -> C2H2+ N2 H2 H2 ; IN ; logn(0.1400E-08,1.3500E+00) ; dirg(0.1800E+00,0.5400E-01);
i.3605.5.0; N2+ C2H6  -> CH3+ N2 CH3 ; IN ; logn(0.1400E-08,1.3500E+00) ; dirg(0.8000E-01,0.8000E-01);
i.3605.6.0; N2+ C2H6  -> CH4+ N2 1CH2 ; IN ; logn(0.1400E-08,1.3500E+00) ; dirg(0.1000E-01,0.1000E-01);
i.3606.1.0; N2+ C3H8  -> C3H5+ N2 H2 H ; IN ; logn(0.1300E-08,1.3000E+00) ; dirg(0.1300E+00,0.3900E-01);
i.3606.2.0; N2+ C3H8  -> C2H5+ N2 CH3 ; IN ; logn(0.1300E-08,1.3000E+00) ; dirg(0.3000E+00,0.9000E-01);
i.3606.3.0; N2+ C3H8  -> C2H4+ N2 CH4 ; IN ; logn(0.1300E-08,1.3000E+00) ; dirg(0.1700E+00,0.5100E-01);
i.3606.4.0; N2+ C3H8  -> C2H3+ N2 CH4 H ; IN ; logn(0.1300E-08,1.3000E+00) ; dirg(0.4000E+00,0.1200E+00);
i.3607.1.0; N2+ H2O  -> H2O+ N2 ; IN ; logn(0.2400E-08,1.2000E+00) ; dirg(0.7900E+00,0.2370E+00);
i.3607.2.0; N2+ H2O  -> N2H+ OH ; IN ; logn(0.2400E-08,1.2000E+00) ; dirg(0.2100E+00,0.6300E-01);
i.3608.1.0; N2+ HCN  -> HCN+ N2 ; IN ; logn(0.3900E-09,1.1000E+00) ; dirg(0.1000E+01,0.3000E+00);
i.3609.1.0; N2+ CH3CN  -> C2HN+ H2 N2 ; IN ; logn(0.2100E-08,1.1000E+00) ; dirg(0.2000E+00,0.6000E-01);
i.3609.2.0; N2+ CH3CN  -> C2H2N+ H N2 ; IN ; logn(0.2100E-08,1.1000E+00) ; dirg(0.6500E+00,0.1950E+00);
i.3609.3.0; N2+ CH3CN  -> CH3CN+ N2 ; IN ; logn(0.2100E-08,1.1000E+00) ; dirg(0.1500E+00,0.4500E-01);
i.3610.1.0; N2+ CH3NH2  -> CH2NH2+ N2 H ; IN ; logn(0.8800E-09,1.6000E+00) ; dirg(0.1000E+01,0.3000E+00);
i.3611.1.0; N2+ C2N2  -> C2N2+ N2 ; IN ; logn(0.9300E-09,1.2500E+00) ; dirg(0.1000E+01,0.3000E+00);
i.3612.1.0; N2+ HC3N  -> CHCCN+ N2 ; IN ; logn(0.3500E-08,1.2500E+00) ; dirg(0.7000E+00,0.2100E+00);
i.3612.2.0; N2+ HC3N  -> N2H+ C3N ; IN ; logn(0.3500E-08,1.2500E+00) ; dirg(0.3000E+00,0.9000E-01);
i.3613.1.0; N2+ CO  -> CO+ N2 ; IN ; logn(0.7300E-10,1.2000E+00) ; dirg(0.1000E+01,0.3000E+00);
i.3614.1.0; N2+ NH3  -> NH3+ N2 ; IN ; logn(0.1950E-08,1.1000E+00) ; dirg(0.1000E+01,0.3000E+00);
i.3701.1.0; N2H+ CH4  -> CH5+ N2 ; IN ; logn(0.8900E-09,1.3000E+00) ; dirg(0.1000E+01,0.3000E+00);
i.3702.1.0; N2H+ C2H2  -> C2H3+ N2 ; IN ; logn(0.1410E-08,1.2500E+00) ; dirg(0.1000E+01,0.3000E+00);
i.3703.1.0; N2H+ C2H6  -> C2H5+ H2 N2 ; IN ; logn(0.1300E-08,1.3500E+00) ; dirg(0.8700E+00,0.2610E+00);
i.3703.2.0; N2H+ C2H6  -> C2H7+ N2 ; IN ; logn(0.1300E-08,1.3500E+00) ; dirg(0.1300E+00,0.3900E-01);
i.3704.1.0; N2H+ C4H2  -> C4H3+ N2 ; IN ; logn(0.1100E-08,1.3000E+00) ; dirg(0.1000E+01,0.3000E+00);
i.3705.1.0; N2H+ H2O  -> H3O+ N2 ; IN ; logn(0.2600E-08,1.1000E+00) ; dirg(0.1000E+01,0.3000E+00);
i.3706.1.0; N2H+ HCN  -> HCNH+ N2 ; IN ; logn(0.3200E-08,1.2000E+00) ; dirg(0.1000E+01,0.3000E+00);
i.3707.1.0; N2H+ C2N2  -> C2HN2+ N2 ; IN ; logn(0.1200E-08,1.3000E+00) ; dirg(0.1000E+01,0.3000E+00);
i.3708.1.0; N2H+ HC3N  -> CHCCNH+ N2 ; IN ; logn(0.4200E-08,1.2000E+00) ; dirg(0.1000E+01,0.3000E+00);
i.3709.1.0; N2H+ CO  -> HCO+ N2 ; IN ; logn(0.8800E-09,1.2500E+00) ; dirg(0.1000E+01,0.3000E+00);
i.3710.1.0; N2H+ NH3  -> NH4+ N2 ; IN ; logn(0.2300E-08,1.2000E+00) ; dirg(0.1000E+01,0.3000E+00);
i.3801.1.0; H2O+ H2  -> H3O+ H ; IN ; logn(0.7600E-09,1.1500E+00) ; dirg(0.1000E+01,0.3000E+00);
i.3802.1.0; H2O+ CH4  -> H3O+ CH3 ; IN ; logn(0.1120E-08,1.1000E+00) ; dirg(0.1000E+01,0.3000E+00);
i.3803.1.0; H2O+ C2H4  -> C2H4+ H2O ; IN ; logn(0.1600E-08,1.3000E+00) ; dirg(0.5000E+00,0.1000E+01);
i.3803.2.0; H2O+ C2H4  -> C2H5+ OH ; IN ; logn(0.1600E-08,1.3000E+00) ; dirg(0.5000E+00,0.1000E+01);
i.3804.1.0; H2O+ C2H6  -> H3O+ C2H5 ; IN ; logn(0.1600E-08,1.2000E+00) ; dirg(0.8300E+00,0.2490E+00);
i.3804.2.0; H2O+ C2H6  -> C2H4+ H2 H2O ; IN ; logn(0.1600E-08,1.2000E+00) ; dirg(0.1200E+00,0.3600E-01);
i.3804.3.0; H2O+ C2H6  -> C2H5+ H H2O ; IN ; logn(0.1600E-08,1.2000E+00) ; dirg(0.1000E-01,0.1000E-01);
i.3804.4.0; H2O+ C2H6  -> C2H6+ H2O ; IN ; logn(0.1600E-08,1.2000E+00) ; dirg(0.4000E-01,0.4000E-01);
i.3805.1.0; H2O+ N4S  -> NO+ H2 ; IN ; logn(0.1900E-09,1.5000E+00) ; dirg(0.5000E+00,0.1000E+01);
i.3805.2.0; H2O+ N4S  -> HNO+ H ; IN ; logn(0.1900E-09,1.5000E+00) ; dirg(0.5000E+00,0.1000E+01);
i.3806.1.0; H2O+ H2O  -> H3O+ OH ; IN ; logn(0.1850E-08,1.1500E+00) ; dirg(0.1000E+01,0.3000E+00);
i.3807.1.0; H2O+ HCN  -> H3O+ CN ; IN ; logn(0.2100E-08,1.1000E+00) ; dirg(0.4500E+00,0.1350E+00);
i.3807.2.0; H2O+ HCN  -> HCNH+ OH ; IN ; logn(0.2100E-08,1.1000E+00) ; dirg(0.5500E+00,0.1650E+00);
i.3808.1.0; H2O+ C2N2  -> C2HN2+ OH ; IN ; logn(0.1000E-08,1.3000E+00) ; dirg(0.1000E+01,0.3000E+00);
i.3809.1.0; H2O+ CO  -> HCO+ OH ; IN ; logn(0.4250E-09,1.2000E+00) ; dirg(0.1000E+01,0.3000E+00);
i.3901.1.0; H3O+ C2H4  -> C2H5+ H2O ; IN ; logn(0.2000E-11,1.6000E+00) ; dirg(0.1000E+01,0.3000E+00);
i.3902.1.0; H3O+ C4H2  -> C4H3+ H2O ; IN ; logn(0.8500E-09,1.1800E+00) ; dirg(0.1000E+01,0.3000E+00);
i.3903.1.0; H3O+ HCN  -> HCNH+ H2O ; IN ; logn(0.3800E-08,1.1500E+00) ; dirg(0.1000E+01,0.3000E+00);
i.3904.1.0; H3O+ CH3CN  -> CH3CNH+ H2O ; IN ; logn(0.4500E-08,1.1500E+00) ; dirg(0.1000E+01,0.3000E+00);
i.3905.1.0; H3O+ HC3N  -> CHCCNH+ H2O ; IN ; logn(0.3900E-08,1.3000E+00) ; dirg(0.1000E+01,0.3000E+00);
i.3906.1.0; H3O+ CH2NH  -> CH2NH2+ H2O ; IN ; logn(0.3000E-08,1.3000E+00) ; dirg(0.1000E+01,0.3000E+00);
i.3907.1.0; H3O+ CH3NH2  -> CH3NH3+ H2O ; IN ; logn(0.2100E-08,1.3000E+00) ; dirg(0.1000E+01,0.3000E+00);
i.4001.1.0; CN+ H  -> H+ CN ; IN ; logn(0.6400E-09,1.6000E+00) ; dirg(0.1000E+01,0.3000E+00);
i.4002.1.0; CN+ H2  -> HCN+ H ; IN ; logn(0.1100E-08,1.3000E+00) ; dirg(0.5000E+00,0.1000E+01);
i.4002.2.0; CN+ H2  -> HCN+ H ; IN ; logn(0.1100E-08,1.3000E+00) ; dirg(0.5000E+00,0.1000E+01);
i.4003.1.0; CN+ CH4  -> CH3+ HCN ; IN ; logn(0.1100E-08,1.2000E+00) ; dirg(0.5000E+00,0.1500E+00);
i.4003.2.0; CN+ CH4  -> CH4+ CN ; IN ; logn(0.1100E-08,1.2000E+00) ; dirg(0.1500E+00,0.4500E-01);
i.4003.3.0; CN+ CH4  -> HCN+ CH3 ; IN ; logn(0.1100E-08,1.2000E+00) ; dirg(0.1500E+00,0.4500E-01);
i.4003.4.0; CN+ CH4  -> HCNH+ 1CH2 ; IN ; logn(0.1100E-08,1.2000E+00) ; dirg(0.1000E+00,0.1000E+00);
i.4003.5.0; CN+ CH4  -> C4H2N+ H2 ; IN ; logn(0.1100E-08,1.2000E+00) ; dirg(0.1000E+00,0.1000E+00);
i.4004.1.0; CN+ C2H2  -> C2H2+ CN ; IN ; logn(0.1500E-08,1.2000E+00) ; dirg(0.9000E+00,0.2700E+00);
i.4004.2.0; CN+ C2H2  -> CHCCN+ H ; IN ; logn(0.1500E-08,1.2000E+00) ; dirg(0.1000E+00,0.1000E+00);
i.4005.1.0; CN+ C2H4  -> C2H4+ CN ; IN ; logn(0.1300E-08,1.3000E+00) ; dirg(0.7000E+00,0.2100E+00);
i.4005.2.0; CN+ C2H4  -> HCN+ C2H5 ; IN ; logn(0.1300E-08,1.3000E+00) ; dirg(0.2500E+00,0.7500E-01);
i.4005.3.0; CN+ C2H4  -> CHCCNH+ H2 ; IN ; logn(0.1300E-08,1.3000E+00) ; dirg(0.5000E-01,0.5000E-01);
i.4006.1.0; CN+ C2H6  -> C2H3+ H2 HCN ; IN ; logn(0.1900E-08,1.2000E+00) ; dirg(0.1500E+00,0.4500E-01);
i.4006.2.0; CN+ C2H6  -> C2H4+ H HCN ; IN ; logn(0.1900E-08,1.2000E+00) ; dirg(0.6500E+00,0.1950E+00);
i.4006.3.0; CN+ C2H6  -> C2H5+ HCN ; IN ; logn(0.1900E-08,1.2000E+00) ; dirg(0.2000E+00,0.6000E-01);
i.4007.1.0; CN+ C4H2  -> C4H2+ CN ; IN ; logn(0.9700E-09,1.3000E+00) ; dirg(0.7500E+00,0.2250E+00);
i.4007.2.0; CN+ C4H2  -> HC5N+ H ; IN ; logn(0.9700E-09,1.3000E+00) ; dirg(0.2500E+00,0.7500E-01);
i.4008.1.0; CN+ N4S  -> N2+ C ; IN ; logn(0.6500E-09,1.6000E+00) ; dirg(0.1000E+01,0.3000E+00);
i.4009.1.0; CN+ H2O  -> H2O+ CN ; IN ; logn(0.3200E-08,1.2000E+00) ; dirg(0.1000E+00,0.1000E+00);
i.4009.2.0; CN+ H2O  -> HCN+ OH ; IN ; logn(0.3200E-08,1.2000E+00) ; dirg(0.5000E+00,0.1500E+00);
i.4009.3.0; CN+ H2O  -> HCNH+ O3P ; IN ; logn(0.3200E-08,1.2000E+00) ; dirg(0.1500E+00,0.4500E-01);
i.4009.4.0; CN+ H2O  -> HCO+ NH ; IN ; logn(0.3200E-08,1.2000E+00) ; dirg(0.5000E-01,0.5000E-01);
i.4009.5.0; CN+ H2O  -> HNCO+ H ; IN ; logn(0.3200E-08,1.2000E+00) ; dirg(0.2000E+00,0.6000E-01);
i.4010.1.0; CN+ HCN  -> HCN+ CN ; IN ; logn(0.2700E-08,1.2000E+00) ; dirg(0.8300E+00,0.2490E+00);
i.4010.2.0; CN+ HCN  -> C2N2+ H ; IN ; logn(0.2700E-08,1.2000E+00) ; dirg(0.1700E+00,0.5100E-01);
i.4011.1.0; CN+ C2N2  -> CNC+ CN2 ; IN ; logn(0.1750E-08,1.3000E+00) ; dirg(0.3000E-01,0.3000E-01);
i.4011.2.0; CN+ C2N2  -> C2N2+ CN ; IN ; logn(0.1750E-08,1.3000E+00) ; dirg(0.9200E+00,0.2760E+00);
i.4011.3.0; CN+ C2N2  -> C3N+ N2 ; IN ; logn(0.1750E-08,1.3000E+00) ; dirg(0.5000E-01,0.5000E-01);
i.4012.1.0; CN+ HC3N  -> C3N+ HCN ; IN ; logn(0.4600E-08,1.2000E+00) ; dirg(0.2000E+00,0.6000E-01);
i.4012.2.0; CN+ HC3N  -> CHCCN+ CN ; IN ; logn(0.4600E-08,1.2000E+00) ; dirg(0.8000E+00,0.2400E+00);
i.4013.1.0; CN+ CO  -> CO+ CN ; IN ; logn(0.4400E-09,1.6000E+00) ; dirg(0.1000E+01,0.3000E+00);
i.4014.1.0; CN+ NH3  -> NH2+ HCN ; IN ; logn(0.2000E-08,1.2000E+00) ; dirg(0.5000E-01,0.5000E-01);
i.4014.2.0; CN+ NH3  -> NH3+ CN ; IN ; logn(0.2000E-08,1.2000E+00) ; dirg(0.6000E+00,0.1800E+00);
i.4014.3.0; CN+ NH3  -> HCN+ NH2 ; IN ; logn(0.2000E-08,1.2000E+00) ; dirg(0.2000E+00,0.6000E-01);
i.4014.4.0; CN+ NH3  -> HCNH+ NH ; IN ; logn(0.2000E-08,1.2000E+00) ; dirg(0.1500E+00,0.4500E-01);
i.4101.1.0; HCN+ H2  -> HCNH+ H ; IN ; logn(0.8800E-09,1.2000E+00) ; dirg(0.1000E+01,0.3000E+00);
i.4102.1.0; HCN+ CH4  -> C2H3+ NH2 ; IN ; logn(0.1270E-08,1.1500E+00) ; dirg(0.1000E+00,0.1000E+00);
i.4102.2.0; HCN+ CH4  -> HCNH+ CH3 ; IN ; logn(0.1270E-08,1.1500E+00) ; dirg(0.9000E+00,0.2700E+00);
i.4103.1.0; HCN+ C2H2  -> C2H2+ HCN ; IN ; logn(0.1350E-08,1.4500E+00) ; dirg(0.8500E+00,0.2550E+00);
i.4103.2.0; HCN+ C2H2  -> C2H3+ CN ; IN ; logn(0.1350E-08,1.4500E+00) ; dirg(0.5000E-01,0.5000E-01);
i.4103.3.0; HCN+ C2H2  -> CHCCNH+ H ; IN ; logn(0.1350E-08,1.4500E+00) ; dirg(0.1000E+00,0.1000E+00);
i.4104.1.0; HCN+ H2O  -> H2O+ HCN ; IN ; logn(0.3600E-08,1.1000E+00) ; dirg(0.4800E+00,0.1440E+00);
i.4104.2.0; HCN+ H2O  -> H3O+ CN ; IN ; logn(0.3600E-08,1.1000E+00) ; dirg(0.4800E+00,0.1440E+00);
i.4104.3.0; HCN+ H2O  -> HCNH+ OH ; IN ; logn(0.3600E-08,1.1000E+00) ; dirg(0.4000E-01,0.4000E-01);
i.4105.1.0; HCN+ HCN  -> HCNH+ CN ; IN ; logn(0.1450E-08,1.4500E+00) ; dirg(0.1000E+01,0.3000E+00);
i.4106.1.0; HCN+ HC3N  -> CHCCN+ HCN ; IN ; logn(0.4600E-08,1.2000E+00) ; dirg(0.5200E+00,0.1560E+00);
i.4106.2.0; HCN+ HC3N  -> CHCCNH+ CN ; IN ; logn(0.4600E-08,1.2000E+00) ; dirg(0.4800E+00,0.1440E+00);
i.4107.1.0; HCN+ C2N2  -> C2HN2+ CN ; IN ; logn(0.1100E-08,1.1000E+00) ; dirg(0.1000E+01,0.3000E+00);
i.4108.1.0; HCN+ CO  -> HCO+ CN ; IN ; logn(0.4600E-09,1.2000E+00) ; dirg(0.3000E+00,0.9000E-01);
i.4108.2.0; HCN+ CO  -> HNC+ CO ; IN ; logn(0.4600E-09,1.2000E+00) ; dirg(0.7000E+00,0.2100E+00);
i.4109.1.0; HCN+ NH3  -> NH3+ HCN ; IN ; logn(0.2800E-08,1.1000E+00) ; dirg(0.6500E+00,0.1950E+00);
i.4109.2.0; HCN+ NH3  -> HCNH+ NH2 ; IN ; logn(0.2800E-08,1.1000E+00) ; dirg(0.3500E+00,0.1050E+00);
i.4201.1.0; HCNH+ C4H2  -> C4H3+ HCN ; IN ; logn(0.1600E-08,1.3000E+00) ; dirg(0.1000E+01,0.3000E+00);
i.4202.1.0; HCNH+ H2O  -> H3O+ HCN ; IN ; logn(0.8800E-12,1.4000E+00) ; dirg(0.1000E+01,0.3000E+00);
i.4203.1.0; HCNH+ CH2NH  -> CH2NH2+ HCN ; IN ; logn(0.2700E-08,1.3000E+00) ; dirg(0.1000E+01,0.3000E+00);
i.4204.1.0; HCNH+ CH3NH2  -> CH3NH3+ HCN ; IN ; logn(0.2000E-08,1.3000E+00) ; dirg(0.1000E+01,0.3000E+00);
i.4205.1.0; HCNH+ CH3CN  -> CH3CNH+ HCN ; IN ; logn(0.3800E-08,1.2000E+00) ; dirg(0.1000E+01,0.3000E+00);
i.4206.1.0; HCNH+ HC3N  -> CHCCNH+ HCN ; IN ; logn(0.3400E-08,1.3000E+00) ; dirg(0.1000E+01,0.3000E+00);
i.4207.1.0; HCNH+ NH3  -> NH4+ HCN ; IN ; logn(0.2300E-08,1.3000E+00) ; dirg(0.1000E+01,0.3000E+00);
i.4301.1.0; CNC+ CH4  -> C2H3+ HCN ; IN ; logn(0.4200E-11,1.2000E+00) ; dirg(0.5000E+00,0.1000E+01);
i.4301.2.0; CNC+ CH4  -> CHCCNH+ H2 ; IN ; logn(0.4200E-11,1.2000E+00) ; dirg(0.5000E+00,0.1000E+01);
i.4302.1.0; CNC+ C2H2  -> C3H+ HCN ; IN ; logn(0.8000E-09,1.4000E+00) ; dirg(0.9100E+00,0.2730E+00);
i.4302.2.0; CNC+ C2H2  -> HCNH+ C3 ; IN ; logn(0.8000E-09,1.4000E+00) ; dirg(0.8000E-01,0.8000E-01);
i.4302.3.0; CNC+ C2H2  -> C4HN+ H ; IN ; logn(0.8000E-09,1.4000E+00) ; dirg(0.1000E-01,0.1000E-01);
i.4303.1.0; CNC+ C2H4  -> C2H4+ C2N ; IN ; logn(0.1300E-08,1.2000E+00) ; dirg(0.1000E+00,0.1000E+00);
i.4303.2.0; CNC+ C2H4  -> c-C3H3+ HCN ; IN ; logn(0.1300E-08,1.2000E+00) ; dirg(0.3000E+00,0.9000E-01);
i.4303.3.0; CNC+ C2H4  -> C2H2N+ C2H2 ; IN ; logn(0.1300E-08,1.2000E+00) ; dirg(0.5000E+00,0.1500E+00);
i.4303.4.0; CNC+ C2H4  -> C4H2N+ H2 ; IN ; logn(0.1300E-08,1.2000E+00) ; dirg(0.1000E+00,0.1000E+00);
i.4304.1.0; CNC+ C2H6  -> C2H3+ CH3CN ; IN ; logn(0.1200E-08,1.2000E+00) ; dirg(0.1000E+00,0.1000E+00);
i.4304.2.0; CNC+ C2H6  -> C2H5+ HC2N ; IN ; logn(0.1200E-08,1.2000E+00) ; dirg(0.2500E+00,0.7500E-01);
i.4304.3.0; CNC+ C2H6  -> c-C3H3+ H2 HCN ; IN ; logn(0.1200E-08,1.2000E+00) ; dirg(0.3000E+00,0.9000E-01);
i.4304.4.0; CNC+ C2H6  -> C3H5+ HCN ; IN ; logn(0.1200E-08,1.2000E+00) ; dirg(0.1000E+00,0.1000E+00);
i.4304.5.0; CNC+ C2H6  -> C2H2N+ C2H4 ; IN ; logn(0.1200E-08,1.2000E+00) ; dirg(0.2500E+00,0.7500E-01);
i.4305.1.0; CNC+ C4H2  -> C5H+ HCN ; IN ; logn(0.1300E-08,1.3000E+00) ; dirg(0.6000E+00,0.1800E+00);
i.4305.2.0; CNC+ C4H2  -> C4H2+ C2N ; IN ; logn(0.1300E-08,1.3000E+00) ; dirg(0.2000E+00,0.6000E-01);
i.4305.3.0; CNC+ C4H2  -> C6H2N+ ; IN ; logn(0.1300E-08,1.3000E+00) ; dirg(0.2000E+00,0.6000E-01);
i.4306.1.0; CNC+ H2O  -> C2HN+ OH ; IN ; logn(0.7000E-10,1.4000E+00) ; dirg(0.2500E+00,0.7500E-01);
i.4306.2.0; CNC+ H2O  -> HCO+ HCN ; IN ; logn(0.7000E-10,1.4000E+00) ; dirg(0.7500E+00,0.2250E+00);
i.4307.1.0; CNC+ CH3CN  -> C2H3+ C2N2 ; IN ; logn(0.4100E-08,1.2000E+00) ; dirg(0.1000E+01,0.3000E+00);
i.4308.1.0; CNC+ HC3N  -> C3H+ C2N2 ; IN ; logn(0.3300E-08,1.2000E+00) ; dirg(0.1000E+01,0.3000E+00);
i.4309.1.0; CNC+ NH3  -> HCNH+ HCN ; IN ; logn(0.1850E-08,1.1000E+00) ; dirg(0.9500E+00,0.2850E+00);
i.4309.2.0; CNC+ NH3  -> N2H+ C2H2 ; IN ; logn(0.1850E-08,1.1000E+00) ; dirg(0.5000E-01,0.5000E-01);
i.4401.1.0; CCN+ H2  -> HCNH+ H ; IN ; logn(0.9000E-09,1.4000E+00) ; dirg(0.9000E+00,0.2700E+00);
i.4401.2.0; CCN+ H2  -> C2H2N+ ; IN ; logn(0.9000E-09,1.4000E+00) ; dirg(0.1000E+00,0.1000E+00);
i.4402.1.0; CCN+ CH4  -> C2H3+ HCN ; IN ; logn(0.7000E-09,1.4000E+00) ; dirg(0.6000E+00,0.1800E+00);
i.4402.2.0; CCN+ CH4  -> HCNH+ C2H2 ; IN ; logn(0.7000E-09,1.4000E+00) ; dirg(0.1000E+00,0.1000E+00);
i.4402.3.0; CCN+ CH4  -> CHCCNH+ H2 ; IN ; logn(0.7000E-09,1.4000E+00) ; dirg(0.3000E+00,0.9000E-01);
i.4403.1.0; CCN+ C2H2  -> C3H+ HCN ; IN ; logn(0.1600E-08,1.4000E+00) ; dirg(0.9200E+00,0.2760E+00);
i.4403.2.0; CCN+ C2H2  -> HCNH+ C3 ; IN ; logn(0.1600E-08,1.4000E+00) ; dirg(0.8000E-01,0.8000E-01);
i.4404.1.0; CCN+ H2O  -> HCNH+ CO ; IN ; logn(0.1600E-08,1.4000E+00) ; dirg(0.8000E-01,0.8000E-01);
i.4404.2.0; CCN+ H2O  -> HCO+ HCN ; IN ; logn(0.1600E-08,1.4000E+00) ; dirg(0.9200E+00,0.2760E+00);
i.4501.1.0; CHCCN+ H2  -> C2H2+ HCN ; IN ; logn(0.4450E-11,1.8000E+00) ; dirg(0.3700E+00,0.1110E+00);
i.4501.2.0; CHCCN+ H2  -> CHCCNH+ H ; IN ; logn(0.4450E-11,1.8000E+00) ; dirg(0.6300E+00,0.1890E+00);
i.4502.1.0; CHCCN+ CH4  -> C3H4+ HCN ; IN ; logn(0.5900E-09,1.3000E+00) ; dirg(0.2000E+00,0.6000E-01);
i.4502.2.0; CHCCN+ CH4  -> CH3CN+ C2H2 ; IN ; logn(0.5900E-09,1.3000E+00) ; dirg(0.5000E+00,0.1500E+00);
i.4502.3.0; CHCCN+ CH4  -> CHCCNH+ CH3 ; IN ; logn(0.5900E-09,1.3000E+00) ; dirg(0.3000E+00,0.9000E-01);
i.4503.1.0; CHCCN+ C2H2  -> C2H2+ HC3N ; IN ; logn(0.6400E-09,1.3000E+00) ; dirg(0.2000E+00,0.6000E-01);
i.4503.2.0; CHCCN+ C2H2  -> C4H2+ HCN ; IN ; logn(0.6400E-09,1.3000E+00) ; dirg(0.8000E+00,0.2400E+00);
i.4504.1.0; CHCCN+ C2H4  -> C2H4+ HC3N ; IN ; logn(0.6700E-09,1.3000E+00) ; dirg(0.8000E+00,0.2400E+00);
i.4504.2.0; CHCCN+ C2H4  -> CHCCNH+ C2H3 ; IN ; logn(0.6700E-09,1.3000E+00) ; dirg(0.2000E+00,0.6000E-01);
i.4505.1.0; CHCCN+ C4H2  -> C4H2+ HC3N ; IN ; logn(0.8900E-09,1.3000E+00) ; dirg(0.1000E+01,0.3000E+00);
i.4506.1.0; CHCCN+ H2O  -> CHCCNH+ OH ; IN ; logn(0.6700E-09,1.3000E+00) ; dirg(0.1000E+01,0.3000E+00);
i.4507.1.0; CHCCN+ HC3N  -> HC5N+ HCN ; IN ; logn(0.1300E-08,1.2000E+00) ; dirg(0.9000E+00,0.2700E+00);
i.4507.2.0; CHCCN+ HC3N  -> C6HN2+ H ; IN ; logn(0.1300E-08,1.2000E+00) ; dirg(0.5000E-01,0.5000E-01);
i.4507.3.0; CHCCN+ HC3N  -> C6H2N2+ ; IN ; logn(0.1300E-08,1.2000E+00) ; dirg(0.5000E-01,0.5000E-01);
i.4508.1.0; CHCCN+ NH3  -> NH3+ HC3N ; IN ; logn(0.1700E-08,1.3000E+00) ; dirg(0.1000E+01,0.3000E+00);
i.4601.1.0; CHCCNH+ C2H4  -> C5H5N+ H ; IN ; logn(0.1100E-08,1.1800E+00) ; dirg(0.1000E+01,0.3000E+00);
i.4602.1.0; CHCCNH+ NH3  -> NH4+ HC3N ; IN ; logn(0.2000E-08,1.3000E+00) ; dirg(0.1000E+01,0.3000E+00);
i.4701.1.0; HC5N+ C2H4  -> C5H2N+ C2H3 ; IN ; logn(0.1200E-08,1.1000E+00) ; dirg(0.7500E+00,0.2250E+00);
i.4701.2.0; HC5N+ C2H4  -> C7H3N+ H2 ; IN ; logn(0.1200E-08,1.1000E+00) ; dirg(0.5000E-01,0.5000E-01);
i.4701.3.0; HC5N+ C2H4  -> C7H5N+ ; IN ; logn(0.1200E-08,1.1000E+00) ; dirg(0.2000E+00,0.6000E-01);
i.4801.1.0; C2N2+ H  -> HNC+ CN ; IN ; logn(0.6200E-09,1.6000E+00) ; dirg(0.8000E+00,0.2400E+00);
i.4801.2.0; C2N2+ H  -> C2H+ N2 ; IN ; logn(0.6200E-09,1.6000E+00) ; dirg(0.2000E+00,0.6000E-01);
i.4802.1.0; C2N2+ H2  -> C2HN2+ H ; IN ; logn(0.9000E-09,1.6000E+00) ; dirg(0.1000E+01,0.3000E+00);
i.4803.1.0; C2N2+ C2H2  -> C2H2+ C2N2 ; IN ; logn(0.2000E-09,1.1000E+00) ; dirg(0.5000E+00,0.1500E+00);
i.4803.2.0; C2N2+ C2H2  -> C4HN2+ H ; IN ; logn(0.2000E-09,1.1000E+00) ; dirg(0.3500E+00,0.1050E+00);
i.4803.3.0; C2N2+ C2H2  -> C4N2+ H2 ; IN ; logn(0.2000E-09,1.1000E+00) ; dirg(0.1500E+00,0.4500E-01);
i.4804.1.0; C2N2+ C4H2  -> C4H2+ C2N2 ; IN ; logn(0.1200E-08,1.3000E+00) ; dirg(0.9000E+00,0.2700E+00);
i.4804.2.0; C2N2+ C4H2  -> HC5N+ HCN ; IN ; logn(0.1200E-08,1.3000E+00) ; dirg(0.1000E+00,0.1000E+00);
i.4805.1.0; C2N2+ HCN  -> HCN+ C2N2 ; IN ; logn(0.2700E-08,1.2500E+00) ; dirg(0.2000E+00,0.6000E-01);
i.4805.2.0; C2N2+ HCN  -> C2HN2+ CN ; IN ; logn(0.2700E-08,1.2500E+00) ; dirg(0.7500E+00,0.2250E+00);
i.4805.3.0; C2N2+ HCN  -> C3HN3+ ; IN ; logn(0.2700E-08,1.2500E+00) ; dirg(0.5000E-01,0.5000E-01);
i.4901.1.0; C3N+ H2  -> CHCCN+ H ; IN ; logn(0.9100E-09,1.2000E+00) ; dirg(0.9000E+00,0.2700E+00);
i.4901.2.0; C3N+ H2  -> CHCCNH+ ; IN ; logn(0.9100E-09,1.2000E+00) ; dirg(0.1000E+00,0.1000E+00);
i.5001.1.0; CO+ H  -> H+ CO ; IN ; logn(0.3400E-09,1.5000E+00) ; dirg(0.1000E+01,0.3000E+00);
i.5002.1.0; CO+ H2  -> HCO+ H ; IN ; logn(0.1400E-08,1.1500E+00) ; dirg(0.5200E+00,0.1560E+00);
i.5002.2.0; CO+ H2  -> HOC+ H ; IN ; logn(0.1400E-08,1.1500E+00) ; dirg(0.4800E+00,0.1440E+00);
i.5003.1.0; CO+ CH4  -> CH4+ CO ; IN ; logn(0.1340E-08,1.1000E+00) ; dirg(0.6700E+00,0.2010E+00);
i.5003.2.0; CO+ CH4  -> HCO+ CH3 ; IN ; logn(0.1340E-08,1.1000E+00) ; dirg(0.2800E+00,0.8400E-01);
i.5003.3.0; CO+ CH4  -> CH3CO+ H ; IN ; logn(0.1340E-08,1.1000E+00) ; dirg(0.5000E-01,0.5000E-01);
i.5004.1.0; CO+ C2H2  -> C2H2+ CO ; IN ; logn(0.4100E-09,1.6000E+00) ; dirg(0.1000E+01,0.3000E+00);
i.5005.1.0; CO+ N4S  -> NO+ C ; IN ; logn(0.1000E-10,1.6000E+00) ; dirg(0.1000E+01,0.3000E+00);
i.5006.1.0; CO+ H2O  -> H2O+ CO ; IN ; logn(0.2400E-08,1.1000E+00) ; dirg(0.6500E+00,0.1950E+00);
i.5006.2.0; CO+ H2O  -> HCO+ OH ; IN ; logn(0.2400E-08,1.1000E+00) ; dirg(0.3500E+00,0.1050E+00);
i.5007.1.0; CO+ HCN  -> HCO+ CN ; IN ; logn(0.3400E-08,1.1000E+00) ; dirg(0.1000E+00,0.1000E+00);
i.5007.2.0; CO+ HCN  -> HCN+ CO ; IN ; logn(0.3400E-08,1.1000E+00) ; dirg(0.9000E+00,0.2700E+00);
i.5008.1.0; CO+ HC3N  -> CHCCN+ CO ; IN ; logn(0.3100E-08,1.2500E+00) ; dirg(0.1000E+01,0.3000E+00);
i.5101.1.0; HCO+ C2H2  -> C2H3+ CO ; IN ; logn(0.1360E-08,1.2500E+00) ; dirg(0.1000E+01,0.3000E+00);
i.5102.1.0; HCO+ C2H6  -> C2H7+ CO ; IN ; logn(0.1200E-09,1.2000E+00) ; dirg(0.1000E+01,0.3000E+00);
i.5103.1.0; HCO+ H2O  -> H3O+ CO ; IN ; logn(0.2600E-08,1.3000E+00) ; dirg(0.1000E+01,0.3000E+00);
i.5104.1.0; HCO+ HCN  -> HCNH+ CO ; IN ; logn(0.3500E-08,1.1500E+00) ; dirg(0.1000E+01,0.3000E+00);
i.5105.1.0; HCO+ CH3CN  -> CH3CNH+ CO ; IN ; logn(0.4100E-08,1.2500E+00) ; dirg(0.1000E+01,0.3000E+00);
i.5106.1.0; HCO+ HC3N  -> CHCCNH+ CO ; IN ; logn(0.3800E-08,1.2000E+00) ; dirg(0.1000E+01,0.3000E+00);
i.5201.1.0; HOC+ H2  -> H3+ CO ; IN ; logn(0.4700E-09,1.2000E+00) ; dirg(0.5700E+00,0.1710E+00);
i.5201.2.0; HOC+ H2  -> HCO+ H2 ; IN ; logn(0.4700E-09,1.2000E+00) ; dirg(0.4300E+00,0.1290E+00);
i.5202.1.0; HOC+ CH4  -> CH5+ CO ; IN ; logn(0.1100E-08,1.2000E+00) ; dirg(0.1000E+01,0.3000E+00);
i.5203.1.0; HOC+ N2  -> N2H+ CO ; IN ; logn(0.6700E-09,1.2000E+00) ; dirg(0.1000E+01,0.3000E+00);
i.5204.1.0; HOC+ CO  -> HCO+ CO ; IN ; logn(0.6000E-09,1.2000E+00) ; dirg(0.1000E+01,0.3000E+00);
i.5301.1.0; CH2OH+ C4H2  -> C4H3+ CH2O ; IN ; logn(0.9300E-09,1.2000E+00) ; dirg(0.1000E+01,0.3000E+00);
i.5302.1.0; CH2OH+ H2O  -> CH2OH+ CH2O ; IN ; logn(0.2300E-09,1.1000E+00) ; dirg(0.1000E+01,0.3000E+00);
i.5303.1.0; CH2OH+ HCN  -> HCNH+ CH2O ; IN ; logn(0.1300E-08,1.3000E+00) ; dirg(0.1000E+01,0.0000E+00);
